Workbook

Sheet objective
C3: objective
C4: 1 | D4: which broader category has the highest contribution in the cpi | I4: towards cpi inflation
C5: 2 | D5: create a graph depicting the growth rate y-y and identify the year with high inflation rate
D6: and highlight the reason why year has high inflation(based on research).
C7: 3 | D7: investigate trends in the prices of broader food bucket category and evaluate month on month changes highlight month with highest and lowest food inflation
D8: identify the absolute changes in inflation over the same 12 months period and identify the biggest individual category contributor(only with broader food category)towards inflation
C9: 4 | D9: Investigate how the onset and progression of COVID-19 affected inflation rates in India, especially around the first lockdown.
C10: 5 | D10: focus only on imported oil price fluctuations for years 2021 to 2023 (Month-on-month)
D11: Identify trends in oil price change with change in inflation prices of all the categories

Sheet data dictonary
B3: terms
C4: 1 | D4: Recreation and Amusement
D5: means spending on things people do for entertainment, leisure, and enjoyment.

Sheet  buckets mapping
C3: buckets
C4: BOX 1: FOOD | F4: CLOTHING & FOOTWEAR | J4: BOX 3: HOUSING | M4: BOX 4: ENERGY | P4: BOX 5: HEALTH | S4: BOX 6: TRANSPORT & COMMUNICATION | Y4: BOX 7: EDUCATION | AB4: BOX 8: RECREATION | AE4: BOX 9: PERSONAL CARE
C6: Cereals and products | F6: Clothing | J6: Housing | M6: Fuel and light | P6: Health | S6: Transport and communication | Y6: Education | AB6: Recreation and amusement | AE6: Personal care and effects
C7: Meat and fish | F7: Footwear
C8: Egg
C9: Milk and products
C10: Oils and fats | N10: Original Category | O10: Bucket
C11: Fruits | N11: Cereals and products | O11: Food
C12: Vegetables | N12: Meat and fish | O12: Food
C13: Pulses and products | N13: Egg | O13: Food
C14: Sugar and Confectionery | N14: Milk and products | O14: Food
C15: Spices | N15: Oils and fats | O15: Food
C16: Prepared meals, snacks, sweets etc. | N16: Fruits | O16: Food
C17: Non-alcoholic beverages | N17: Vegetables | O17: Food
N18: Pulses and products | O18: Food
C19: BOX 10: HOUSEHOLD | G19: BOX 11: PAN, TOBACCO & INTOXICANTS | N19: Sugar and Confectionery | O19: Food
N20: Spices | O20: Food
C21: Household goods and services | G21: Pan, tobacco and intoxicants | N21: Non-alcoholic beverages | O21: Food
N22: Prepared meals, snacks, sweets etc. | O22: Food
N23: Clothing | O23: Clothing & Footwear
N24: Footwear | O24: Clothing & Footwear
N25: Housing | O25: Housing
N26: Fuel and light | O26: Energy
N27: Household goods and services | O27: Household
N28: Health | O28: Health
N29: Transport and communication | O29: Transport & Communication
N30: Recreation and amusement | O30: Recreation
N31: Education | O31: Education
N32: Personal care and effects | O32: Personal Care
N33: Pan, tobacco and intoxicants | O33: Pan, Tobacco & Intoxicants
N34: Miscellaneous | O34: Miscellaneous

Sheet raw_data
A1: Sector | B1: Year | C1: Month | D1: Cereals and products | E1: Meat and fish | F1: Egg | G1: Milk and products | H1: Oils and fats | I1: Fruits | J1: Vegetables | K1: Pulses and products | L1: Sugar and Confectionery | M1: Spices | N1: Non-alcoholic beverages | O1: Prepared meals, snacks, sweets etc. | P1: Food and beverages | Q1: Pan, tobacco and intoxicants | R1: Clothing | S1: Footwear | T1: Clothing and footwear | U1: Housing | V1: Fuel and light | W1: Household goods and services | X1: Health | Y1: Transport and communication | Z1: Recreation and amusement | AA1: Education | AB1: Personal care and effects | AC1: Miscellaneous | AD1: General index
A2: Rural | B2: 2013 | C2: January | D2: 107.5 | E2: 106.3 | F2: 108.1 | G2: 104.9 | H2: 106.1 | I2: 103.9 | J2: 101.9 | K2: 106.1 | L2: 106.8 | M2: 103.1 | N2: 104.8 | O2: 106.7 | P2: 105.5 | Q2: 105.1 | R2: 106.5 | S2: 105.8 | T2: 106.4 | U2: NA | V2: 105.5 | W2: 104.8 | X2: 104 | Y2: 103.3 | Z2: 103.4 | AA2: 103.8 | AB2: 104.7 | AC2: 104 | AD2: 105.1
A3: Urban | B3: 2013 | C3: January | D3: 110.5 | E3: 109.1 | F3: 113 | G3: 103.6 | H3: 103.4 | I3: 102.3 | J3: 102.9 | K3: 105.8 | L3: 105.1 | M3: 101.8 | N3: 105.1 | O3: 107.9 | P3: 105.9 | Q3: 105.2 | R3: 105.9 | S3: 105 | T3: 105.8 | U3: 100.3 | V3: 105.4 | W3: 104.8 | X3: 104.1 | Y3: 103.2 | Z3: 102.9 | AA3: 103.5 | AB3: 104.3 | AC3: 103.7 | AD3: 104
A4: Rural+Urban | B4: 2013 | C4: January | D4: 108.4 | E4: 107.3 | F4: 110 | G4: 104.4 | H4: 105.1 | I4: 103.2 | J4: 102.2 | K4: 106 | L4: 106.2 | M4: 102.7 | N4: 104.9 | O4: 107.3 | P4: 105.6 | Q4: 105.1 | R4: 106.3 | S4: 105.5 | T4: 106.2 | U4: 100.3 | V4: 105.5 | W4: 104.8 | X4: 104 | Y4: 103.2 | Z4: 103.1 | AA4: 103.6 | AB4: 104.5 | AC4: 103.9 | AD4: 104.6
A5: Rural | B5: 2013 | C5: February | D5: 109.2 | E5: 108.7 | F5: 110.2 | G5: 105.4 | H5: 106.7 | I5: 104 | J5: 102.4 | K5: 105.9 | L5: 105.7 | M5: 103.1 | N5: 105.1 | O5: 107.7 | P5: 106.3 | Q5: 105.6 | R5: 107.1 | S5: 106.3 | T5: 107 | U5: NA | V5: 106.2 | W5: 105.2 | X5: 104.4 | Y5: 103.9 | Z5: 104 | AA5: 104.1 | AB5: 104.6 | AC5: 104.4 | AD5: 105.8
A6: Urban | B6: 2013 | C6: February | D6: 112.9 | E6: 112.9 | F6: 116.9 | G6: 104 | H6: 103.5 | I6: 103.1 | J6: 104.9 | K6: 104.1 | L6: 103.8 | M6: 102.3 | N6: 106 | O6: 109 | P6: 107.2 | Q6: 106 | R6: 106.6 | S6: 105.5 | T6: 106.4 | U6: 100.4 | V6: 105.7 | W6: 105.2 | X6: 104.7 | Y6: 104.4 | Z6: 103.3 | AA6: 103.7 | AB6: 104.3 | AC6: 104.3 | AD6: 104.7
A7: Rural+Urban | B7: 2013 | C7: February | D7: 110.4 | E7: 110.2 | F7: 112.8 | G7: 104.9 | H7: 105.5 | I7: 103.6 | J7: 103.2 | K7: 105.3 | L7: 105.1 | M7: 102.8 | N7: 105.5 | O7: 108.3 | P7: 106.6 | Q7: 105.7 | R7: 106.9 | S7: 106 | T7: 106.8 | U7: 100.4 | V7: 106 | W7: 105.2 | X7: 104.5 | Y7: 104.2 | Z7: 103.6 | AA7: 103.9 | AB7: 104.5 | AC7: 104.4 | AD7: 105.3
A8: Rural | B8: 2013 | C8: March | D8: 110.2 | E8: 108.8 | F8: 109.9 | G8: 105.6 | H8: 106.2 | I8: 105.7 | J8: 101.4 | K8: 105.7 | L8: 105 | M8: 103.3 | N8: 105.6 | O8: 108.2 | P8: 106.6 | Q8: 106.5 | R8: 107.6 | S8: 106.8 | T8: 107.5 | U8: NA | V8: 106.1 | W8: 105.6 | X8: 104.7 | Y8: 104.6 | Z8: 104 | AA8: 104.3 | AB8: 104.3 | AC8: 104.6 | AD8: 106
A9: Urban | B9: 2013 | C9: March | D9: 113.9 | E9: 111.4 | F9: 113.2 | G9: 104.3 | H9: 102.7 | I9: 104.9 | J9: 103.8 | K9: 103.5 | L9: 102.6 | M9: 102.4 | N9: 107 | O9: 109.8 | P9: 107.3 | Q9: 106.8 | R9: 107.2 | S9: 106 | T9: 107 | U9: 100.4 | V9: 106 | W9: 105.7 | X9: 105.2 | Y9: 105.5 | Z9: 103.5 | AA9: 103.8 | AB9: 104.2 | AC9: 104.9 | AD9: 105
A10: Rural+Urban | B10: 2013 | C10: March | D10: 111.4 | E10: 109.7 | F10: 111.2 | G10: 105.1 | H10: 104.9 | I10: 105.3 | J10: 102.2 | K10: 105 | L10: 104.2 | M10: 103 | N10: 106.2 | O10: 108.9 | P10: 106.9 | Q10: 106.6 | R10: 107.4 | S10: 106.5 | T10: 107.3 | U10: 100.4 | V10: 106.1 | W10: 105.6 | X10: 104.9 | Y10: 105.1 | Z10: 103.7 | AA10: 104 | AB10: 104.3 | AC10: 104.7 | AD10: 105.5
A11: Rural | B11: 2013 | C11: April | D11: 110.2 | E11: 109.5 | F11: 106.9 | G11: 106.3 | H11: 105.7 | I11: 108.3 | J11: 103.4 | K11: 105.7 | L11: 104.2 | M11: 103.2 | N11: 106.5 | O11: 108.8 | P11: 107.1 | Q11: 107.1 | R11: 108.1 | S11: 107.4 | T11: 108 | U11: NA | V11: 106.5 | W11: 106.1 | X11: 105.1 | Y11: 104.4 | Z11: 104.5 | AA11: 104.8 | AB11: 102.7 | AC11: 104.6 | AD11: 106.4
A12: Urban | B12: 2013 | C12: April | D12: 114.6 | E12: 113.4 | F12: 106 | G12: 104.7 | H12: 102.1 | I12: 109.5 | J12: 109.7 | K12: 104.6 | L12: 102 | M12: 103.5 | N12: 108.2 | O12: 110.6 | P12: 108.8 | Q12: 108.5 | R12: 107.9 | S12: 106.4 | T12: 107.7 | U12: 100.5 | V12: 106.4 | W12: 106.5 | X12: 105.7 | Y12: 105 | Z12: 104 | AA12: 105.2 | AB12: 103.2 | AC12: 105.1 | AD12: 105.7
A13: Rural+Urban | B13: 2013 | C13: April | D13: 111.6 | E13: 110.9 | F13: 106.6 | G13: 105.7 | H13: 104.4 | I13: 108.9 | J13: 105.5 | K13: 105.3 | L13: 103.5 | M13: 103.3 | N13: 107.2 | O13: 109.6 | P13: 107.7 | Q13: 107.5 | R13: 108 | S13: 107 | T13: 107.9 | U13: 100.5 | V13: 106.5 | W13: 106.3 | X13: 105.3 | Y13: 104.7 | Z13: 104.2 | AA13: 105 | AB13: 102.9 | AC13: 104.8 | AD13: 106.1
A14: Rural | B14: 2013 | C14: May | D14: 110.9 | E14: 109.8 | F14: 105.9 | G14: 107.5 | H14: 105.3 | I14: 108.1 | J14: 107.3 | K14: 106.1 | L14: 103.7 | M14: 104 | N14: 107.4 | O14: 109.9 | P14: 108.1 | Q14: 108.1 | R14: 108.8 | S14: 107.9 | T14: 108.6 | U14: NA | V14: 107.5 | W14: 106.8 | X14: 105.7 | Y14: 104.1 | Z14: 105 | AA14: 105.5 | AB14: 102.1 | AC14: 104.8 | AD14: 107.2
A15: Urban | B15: 2013 | C15: May | D15: 115.4 | E15: 114.2 | F15: 102.7 | G15: 105.5 | H15: 101.5 | I15: 110.6 | J15: 123.7 | K15: 105.2 | L15: 101.9 | M15: 105 | N15: 109.1 | O15: 111.3 | P15: 111.1 | Q15: 109.8 | R15: 108.5 | S15: 106.7 | T15: 108.3 | U15: 100.5 | V15: 107.2 | W15: 107.1 | X15: 106.2 | Y15: 103.9 | Z15: 104.6 | AA15: 105.7 | AB15: 102.6 | AC15: 104.9 | AD15: 106.6
A16: Rural+Urban | B16: 2013 | C16: May | D16: 112.3 | E16: 111.3 | F16: 104.7 | G16: 106.8 | H16: 103.9 | I16: 109.3 | J16: 112.9 | K16: 105.8 | L16: 103.1 | M16: 104.3 | N16: 108.1 | O16: 110.5 | P16: 109.2 | Q16: 108.6 | R16: 108.7 | S16: 107.4 | T16: 108.5 | U16: 100.5 | V16: 107.4 | W16: 106.9 | X16: 105.9 | Y16: 104 | Z16: 104.8 | AA16: 105.6 | AB16: 102.3 | AC16: 104.8 | AD16: 106.9
A17: Rural | B17: 2013 | C17: June | D17: 112.3 | E17: 112.1 | F17: 108.1 | G17: 108.3 | H17: 105.9 | I17: 109.2 | J17: 118 | K17: 106.8 | L17: 104.1 | M17: 105.4 | N17: 108.2 | O17: 111 | P17: 110.6 | Q17: 109 | R17: 109.7 | S17: 108.8 | T17: 109.5 | U17: NA | V17: 108.5 | W17: 107.5 | X17: 106.3 | Y17: 105 | Z17: 105.6 | AA17: 106.5 | AB17: 102.5 | AC17: 105.5 | AD17: 108.9
A18: Urban | B18: 2013 | C18: June | D18: 117 | E18: 120.1 | F18: 112.5 | G18: 107.3 | H18: 101.3 | I18: 112.4 | J18: 143.6 | K18: 105.4 | L18: 101.4 | M18: 106.4 | N18: 110 | O18: 112.2 | P18: 115 | Q18: 110.9 | R18: 109.2 | S18: 107.2 | T18: 108.9 | U18: 106.6 | V18: 108 | W18: 107.7 | X18: 106.5 | Y18: 105.2 | Z18: 105.2 | AA18: 108.1 | AB18: 103.3 | AC18: 106.1 | AD18: 109.7
A19: Rural+Urban | B19: 2013 | C19: June | D19: 113.8 | E19: 114.9 | F19: 109.8 | G19: 107.9 | H19: 104.2 | I19: 110.7 | J19: 126.7 | K19: 106.3 | L19: 103.2 | M19: 105.7 | N19: 109 | O19: 111.6 | P19: 112.2 | Q19: 109.5 | R19: 109.5 | S19: 108.1 | T19: 109.3 | U19: 106.6 | V19: 108.3 | W19: 107.6 | X19: 106.4 | Y19: 105.1 | Z19: 105.4 | AA19: 107.4 | AB19: 102.8 | AC19: 105.8 | AD19: 109.3
A20: Rural | B20: 2013 | C20: July | D20: 113.4 | E20: 114.9 | F20: 110.5 | G20: 109.3 | H20: 106.2 | I20: 110.3 | J20: 129.2 | K20: 107.1 | L20: 104.3 | M20: 106.4 | N20: 109.1 | O20: 112.1 | P20: 113.1 | Q20: 109.8 | R20: 110.5 | S20: 109.5 | T20: 110.3 | U20: NA | V20: 109.5 | W20: 108.3 | X20: 106.9 | Y20: 106.8 | Z20: 106.4 | AA20: 107.8 | AB20: 102.5 | AC20: 106.5 | AD20: 110.7
A21: Urban | B21: 2013 | C21: July | D21: 117.8 | E21: 119.2 | F21: 114 | G21: 108.3 | H21: 101.1 | I21: 113.2 | J21: 160.9 | K21: 105.1 | L21: 101.3 | M21: 107.5 | N21: 110.4 | O21: 113.1 | P21: 117.5 | Q21: 111.7 | R21: 109.8 | S21: 107.8 | T21: 109.5 | U21: 107.7 | V21: 108.6 | W21: 108.1 | X21: 107.1 | Y21: 107.3 | Z21: 105.9 | AA21: 110.1 | AB21: 103.2 | AC21: 107.3 | AD21: 111.4
A22: Rural+Urban | B22: 2013 | C22: July | D22: 114.8 | E22: 116.4 | F22: 111.9 | G22: 108.9 | H22: 104.3 | I22: 111.7 | J22: 140 | K22: 106.4 | L22: 103.3 | M22: 106.8 | N22: 109.6 | O22: 112.6 | P22: 114.7 | Q22: 110.3 | R22: 110.2 | S22: 108.8 | T22: 110 | U22: 107.7 | V22: 109.2 | W22: 108.2 | X22: 107 | Y22: 107.1 | Z22: 106.1 | AA22: 109.1 | AB22: 102.8 | AC22: 106.9 | AD22: 111
A23: Rural | B23: 2013 | C23: August | D23: 114.3 | E23: 115.4 | F23: 111.1 | G23: 110 | H23: 106.4 | I23: 110.8 | J23: 138.9 | K23: 107.4 | L23: 104.1 | M23: 106.9 | N23: 109.7 | O23: 112.6 | P23: 114.9 | Q23: 110.7 | R23: 111.3 | S23: 110.2 | T23: 111.1 | U23: NA | V23: 109.9 | W23: 108.7 | X23: 107.5 | Y23: 107.8 | Z23: 106.8 | AA23: 108.7 | AB23: 105 | AC23: 107.5 | AD23: 112.1
A24: Urban | B24: 2013 | C24: August | D24: 118.3 | E24: 120.4 | F24: 112.7 | G24: 108.9 | H24: 101.1 | I24: 108.7 | J24: 177 | K24: 104.7 | L24: 101 | M24: 108.5 | N24: 110.9 | O24: 114.3 | P24: 119.6 | Q24: 112.4 | R24: 110.6 | S24: 108.3 | T24: 110.2 | U24: 108.9 | V24: 109.3 | W24: 108.7 | X24: 107.6 | Y24: 108.1 | Z24: 106.5 | AA24: 110.8 | AB24: 106 | AC24: 108.3 | AD24: 112.7
A25: Rural+Urban | B25: 2013 | C25: August | D25: 115.6 | E25: 117.2 | F25: 111.7 | G25: 109.6 | H25: 104.5 | I25: 109.8 | J25: 151.8 | K25: 106.5 | L25: 103.1 | M25: 107.4 | N25: 110.2 | O25: 113.4 | P25: 116.6 | Q25: 111.2 | R25: 111 | S25: 109.4 | T25: 110.7 | U25: 108.9 | V25: 109.7 | W25: 108.7 | X25: 107.5 | Y25: 108 | Z25: 106.6 | AA25: 109.9 | AB25: 105.4 | AC25: 107.9 | AD25: 112.4
A26: Rural | B26: 2013 | C26: September | D26: 115.4 | E26: 115.7 | F26: 111.7 | G26: 111 | H26: 107.4 | I26: 110.9 | J26: 154 | K26: 108.1 | L26: 104.2 | M26: 107.9 | N26: 110.4 | O26: 114 | P26: 117.8 | Q26: 111.7 | R26: 112.7 | S26: 111.4 | T26: 112.5 | U26: NA | V26: 111.1 | W26: 109.6 | X26: 108.3 | Y26: 109.3 | Z26: 107.7 | AA26: 109.8 | AB26: 106.7 | AC26: 108.7 | AD26: 114.2
A27: Urban | B27: 2013 | C27: September | D27: 118.6 | E27: 119.1 | F27: 113.2 | G27: 109.6 | H27: 101.7 | I27: 103.2 | J27: 174.3 | K27: 105.1 | L27: 100.8 | M27: 109.1 | N27: 111.1 | O27: 115.4 | P27: 119.2 | Q27: 112.9 | R27: 111.4 | S27: 109 | T27: 111.1 | U27: 109.7 | V27: 109.5 | W27: 109.6 | X27: 107.9 | Y27: 110.4 | Z27: 107.4 | AA27: 111.2 | AB27: 106.9 | AC27: 109.4 | AD27: 113.2
A28: Rural+Urban | B28: 2013 | C28: September | D28: 116.4 | E28: 116.9 | F28: 112.3 | G28: 110.5 | H28: 105.3 | I28: 107.3 | J28: 160.9 | K28: 107.1 | L28: 103.1 | M28: 108.3 | N28: 110.7 | O28: 114.6 | P28: 118.3 | Q28: 112 | R28: 112.2 | S28: 110.4 | T28: 111.9 | U28: 109.7 | V28: 110.5 | W28: 109.6 | X28: 108.1 | Y28: 109.9 | Z28: 107.5 | AA28: 110.6 | AB28: 106.8 | AC28: 109 | AD28: 113.7
A29: Rural | B29: 2013 | C29: October | D29: 116.3 | E29: 115.4 | F29: 112.6 | G29: 111.7 | H29: 107.7 | I29: 113.2 | J29: 164.9 | K29: 108.3 | L29: 103.9 | M29: 108.2 | N29: 111.1 | O29: 114.9 | P29: 119.8 | Q29: 112.2 | R29: 113.6 | S29: 112.3 | T29: 113.4 | U29: NA | V29: 111.6 | W29: 110.4 | X29: 108.9 | Y29: 109.3 | Z29: 108.3 | AA29: 110.2 | AB29: 107.5 | AC29: 109.1 | AD29: 115.5
A30: Urban | B30: 2013 | C30: October | D30: 118.9 | E30: 118.1 | F30: 114.5 | G30: 110.4 | H30: 102.3 | I30: 106.2 | J30: 183.5 | K30: 105.3 | L30: 100.2 | M30: 109.6 | N30: 111.4 | O30: 116 | P30: 120.8 | Q30: 113.5 | R30: 112.5 | S30: 109.7 | T30: 112 | U30: 110.5 | V30: 109.7 | W30: 110.2 | X30: 108.2 | Y30: 109.7 | Z30: 108 | AA30: 111.3 | AB30: 107.3 | AC30: 109.4 | AD30: 114
A31: Rural+Urban | B31: 2013 | C31: October | D31: 117.1 | E31: 116.3 | F31: 113.3 | G31: 111.2 | H31: 105.7 | I31: 109.9 | J31: 171.2 | K31: 107.3 | L31: 102.7 | M31: 108.7 | N31: 111.2 | O31: 115.4 | P31: 120.2 | Q31: 112.5 | R31: 113.2 | S31: 111.2 | T31: 112.8 | U31: 110.5 | V31: 110.9 | W31: 110.3 | X31: 108.6 | Y31: 109.5 | Z31: 108.1 | AA31: 110.8 | AB31: 107.4 | AC31: 109.2 | AD31: 114.8
A32: Rural | B32: 2013 | C32: November | D32: 117.3 | E32: 114.9 | F32: 116.2 | G32: 112.8 | H32: 108.9 | I32: 116.6 | J32: 178.1 | K32: 109.1 | L32: 103.6 | M32: 109 | N32: 111.8 | O32: 116 | P32: 122.5 | Q32: 112.8 | R32: 114.6 | S32: 113.1 | T32: 114.4 | U32: NA | V32: 112.6 | W32: 111.3 | X32: 109.7 | Y32: 109.6 | Z32: 108.7 | AA32: 111 | AB32: 108.2 | AC32: 109.8 | AD32: 117.4
A33: Urban | B33: 2013 | C33: November | D33: 119.8 | E33: 116.3 | F33: 122.6 | G33: 112 | H33: 103.2 | I33: 110 | J33: 192.8 | K33: 106.3 | L33: 99.5 | M33: 110.3 | N33: 111.8 | O33: 117.1 | P33: 122.9 | Q33: 114.1 | R33: 113.5 | S33: 110.3 | T33: 113 | U33: 111.1 | V33: 110 | W33: 110.9 | X33: 108.6 | Y33: 109.5 | Z33: 108.5 | AA33: 111.3 | AB33: 107.9 | AC33: 109.6 | AD33: 115
A34: Rural+Urban | B34: 2013 | C34: November | D34: 118.1 | E34: 115.4 | F34: 118.7 | G34: 112.5 | H34: 106.8 | I34: 113.5 | J34: 183.1 | K34: 108.2 | L34: 102.2 | M34: 109.4 | N34: 111.8 | O34: 116.5 | P34: 122.6 | Q34: 113.1 | R34: 114.2 | S34: 111.9 | T34: 113.8 | U34: 111.1 | V34: 111.6 | W34: 111.1 | X34: 109.3 | Y34: 109.5 | Z34: 108.6 | AA34: 111.2 | AB34: 108.1 | AC34: 109.7 | AD34: 116.3
A35: Rural | B35: 2013 | C35: December | D35: 118.4 | E35: 115.9 | F35: 120.4 | G35: 113.8 | H35: 109.5 | I35: 115.5 | J35: 145.7 | K35: 109.5 | L35: 102.9 | M35: 109.8 | N35: 112.1 | O35: 116.8 | P35: 118.7 | Q35: 113.6 | R35: 115.8 | S35: 114 | T35: 115.5 | U35: NA | V35: 112.8 | W35: 112.1 | X35: 110.1 | Y35: 109.9 | Z35: 109.2 | AA35: 111.6 | AB35: 108.1 | AC35: 110.1 | AD35: 115.5
A36: Urban | B36: 2013 | C36: December | D36: 120.5 | E36: 118.1 | F36: 128.5 | G36: 112.8 | H36: 103.4 | I36: 110.7 | J36: 144.8 | K36: 107.1 | L36: 98.6 | M36: 111.9 | N36: 112.1 | O36: 118.1 | P36: 117.8 | Q36: 115 | R36: 114.2 | S36: 110.9 | T36: 113.7 | U36: 110.7 | V36: 110.4 | W36: 111.3 | X36: 109 | Y36: 109.7 | Z36: 108.9 | AA36: 111.4 | AB36: 107.7 | AC36: 109.8 | AD36: 113.3
A37: Rural+Urban | B37: 2013 | C37: December | D37: 119.1 | E37: 116.7 | F37: 123.5 | G37: 113.4 | H37: 107.3 | I37: 113.3 | J37: 145.4 | K37: 108.7 | L37: 101.5 | M37: 110.5 | N37: 112.1 | O37: 117.4 | P37: 118.4 | Q37: 114 | R37: 115.2 | S37: 112.7 | T37: 114.8 | U37: 110.7 | V37: 111.9 | W37: 111.7 | X37: 109.7 | Y37: 109.8 | Z37: 109 | AA37: 111.5 | AB37: 107.9 | AC37: 110 | AD37: 114.5
A38: Rural | B38: 2014 | C38: January | D38: 118.9 | E38: 117.1 | F38: 120.5 | G38: 114.4 | H38: 109 | I38: 115.5 | J38: 123.9 | K38: 109.6 | L38: 101.8 | M38: 110.2 | N38: 112.4 | O38: 117.3 | P38: 116 | Q38: 114 | R38: 116.5 | S38: 114.5 | T38: 116.2 | U38: NA | V38: 113 | W38: 112.6 | X38: 110.6 | Y38: 110.5 | Z38: 109.6 | AA38: 111.8 | AB38: 108.3 | AC38: 110.6 | AD38: 114.2
A39: Urban | B39: 2014 | C39: January | D39: 121.2 | E39: 122 | F39: 129.9 | G39: 113.6 | H39: 102.9 | I39: 112.1 | J39: 118.9 | K39: 107.5 | L39: 96.9 | M39: 112.7 | N39: 112.1 | O39: 119 | P39: 115.5 | Q39: 115.7 | R39: 114.8 | S39: 111.3 | T39: 114.3 | U39: 111.6 | V39: 111 | W39: 111.9 | X39: 109.7 | Y39: 110.8 | Z39: 109.8 | AA39: 111.5 | AB39: 108 | AC39: 110.5 | AD39: 112.9
A40: Rural+Urban | B40: 2014 | C40: January | D40: 119.6 | E40: 118.8 | F40: 124.1 | G40: 114.1 | H40: 106.8 | I40: 113.9 | J40: 122.2 | K40: 108.9 | L40: 100.2 | M40: 111 | N40: 112.3 | O40: 118.1 | P40: 115.8 | Q40: 114.5 | R40: 115.8 | S40: 113.2 | T40: 115.4 | U40: 111.6 | V40: 112.2 | W40: 112.3 | X40: 110.3 | Y40: 110.7 | Z40: 109.7 | AA40: 111.6 | AB40: 108.2 | AC40: 110.6 | AD40: 113.6
A41: Rural | B41: 2014 | C41: February | D41: 119.4 | E41: 117.7 | F41: 121.2 | G41: 115 | H41: 109 | I41: 116.6 | J41: 116 | K41: 109.8 | L41: 101.1 | M41: 110.4 | N41: 112.9 | O41: 117.8 | P41: 115.3 | Q41: 114.2 | R41: 117.1 | S41: 114.5 | T41: 116.7 | U41: NA | V41: 113.2 | W41: 112.9 | X41: 110.9 | Y41: 110.8 | Z41: 109.9 | AA41: 112 | AB41: 108.7 | AC41: 110.9 | AD41: 114
A42: Urban | B42: 2014 | C42: February | D42: 121.9 | E42: 122 | F42: 124.5 | G42: 115.2 | H42: 102.5 | I42: 114.1 | J42: 111.5 | K42: 108.2 | L42: 95.4 | M42: 113.5 | N42: 112.1 | O42: 119.9 | P42: 115.2 | Q42: 116.2 | R42: 115.3 | S42: 111.7 | T42: 114.7 | U42: 112.5 | V42: 111.1 | W42: 112.6 | X42: 110.4 | Y42: 111.3 | Z42: 110.3 | AA42: 111.6 | AB42: 108.7 | AC42: 111 | AD42: 113.1
A43: Rural+Urban | B43: 2014 | C43: February | D43: 120.2 | E43: 119.2 | F43: 122.5 | G43: 115.1 | H43: 106.6 | I43: 115.4 | J43: 114.5 | K43: 109.3 | L43: 99.2 | M43: 111.4 | N43: 112.6 | O43: 118.8 | P43: 115.3 | Q43: 114.7 | R43: 116.4 | S43: 113.3 | T43: 115.9 | U43: 112.5 | V43: 112.4 | W43: 112.8 | X43: 110.7 | Y43: 111.1 | Z43: 110.1 | AA43: 111.8 | AB43: 108.7 | AC43: 110.9 | AD43: 113.6
A44: Rural | B44: 2014 | C44: March | D44: 120.1 | E44: 118.1 | F44: 120.7 | G44: 116.1 | H44: 109.3 | I44: 119.6 | J44: 117.9 | K44: 110.2 | L44: 101.2 | M44: 110.7 | N44: 113 | O44: 118.3 | P44: 116.2 | Q44: 114.6 | R44: 117.5 | S44: 114.9 | T44: 117.2 | U44: NA | V44: 113.4 | W44: 113.4 | X44: 111.4 | Y44: 111.2 | Z44: 110.2 | AA44: 112.4 | AB44: 108.9 | AC44: 111.3 | AD44: 114.6
A45: Urban | B45: 2014 | C45: March | D45: 122.1 | E45: 121.4 | F45: 121.5 | G45: 116.2 | H45: 102.8 | I45: 117.7 | J45: 113.3 | K45: 108.9 | L45: 96.3 | M45: 114.1 | N45: 112.2 | O45: 120.5 | P45: 116 | Q45: 116.7 | R45: 115.8 | S45: 112.1 | T45: 115.2 | U45: 113.2 | V45: 110.9 | W45: 113 | X45: 110.8 | Y45: 111.6 | Z45: 110.9 | AA45: 111.8 | AB45: 109.2 | AC45: 111.4 | AD45: 113.7
A46: Rural+Urban | B46: 2014 | C46: Marcrh | D46: 120.7 | E46: 119.3 | F46: 121 | G46: 116.1 | H46: 106.9 | I46: 118.7 | J46: 116.3 | K46: 109.8 | L46: 99.6 | M46: 111.8 | N46: 112.7 | O46: 119.3 | P46: 116.1 | Q46: 115.2 | R46: 116.8 | S46: 113.7 | T46: 116.4 | U46: 113.2 | V46: 112.5 | W46: 113.2 | X46: 111.2 | Y46: 111.4 | Z46: 110.6 | AA46: 112 | AB46: 109 | AC46: 111.3 | AD46: 114.2
A47: Rural | B47: 2014 | C47: April | D47: 120.2 | E47: 118.9 | F47: 118.1 | G47: 117 | H47: 109.7 | I47: 125.5 | J47: 120.5 | K47: 111 | L47: 102.6 | M47: 111.2 | N47: 113.5 | O47: 118.7 | P47: 117.2 | Q47: 115.4 | R47: 118.1 | S47: 116.1 | T47: 117.8 | U47: NA | V47: 113.4 | W47: 113.7 | X47: 111.8 | Y47: 111.2 | Z47: 110.5 | AA47: 113 | AB47: 108.9 | AC47: 111.5 | AD47: 115.4
A48: Urban | B48: 2014 | C48: April | D48: 122.5 | E48: 121.7 | F48: 113.3 | G48: 117 | H48: 103.1 | I48: 126.7 | J48: 121.2 | K48: 111 | L48: 100.3 | M48: 115.3 | N48: 112.7 | O48: 121 | P48: 118.2 | Q48: 117.6 | R48: 116.3 | S48: 112.5 | T48: 115.7 | U48: 113.9 | V48: 110.9 | W48: 113.4 | X48: 111 | Y48: 111.2 | Z48: 111.2 | AA48: 112.5 | AB48: 109.1 | AC48: 111.4 | AD48: 114.7
A49: Rural+Urban | B49: 2014 | C49: April | D49: 120.9 | E49: 119.9 | F49: 116.2 | G49: 117 | H49: 107.3 | I49: 126.1 | J49: 120.7 | K49: 111 | L49: 101.8 | M49: 112.6 | N49: 113.2 | O49: 119.8 | P49: 117.6 | Q49: 116 | R49: 117.4 | S49: 114.6 | T49: 117 | U49: 113.9 | V49: 112.5 | W49: 113.6 | X49: 111.5 | Y49: 111.2 | Z49: 110.9 | AA49: 112.7 | AB49: 109 | AC49: 111.5 | AD49: 115.1
A50: Rural | B50: 2014 | C50: May | D50: 120.3 | E50: 120.2 | F50: 116.9 | G50: 118 | H50: 110.1 | I50: 126.3 | J50: 123.9 | K50: 111.5 | L50: 103.5 | M50: 111.6 | N50: 114.2 | O50: 119.2 | P50: 118.2 | Q50: 116.3 | R50: 118.7 | S50: 116.8 | T50: 118.5 | U50: NA | V50: 113.4 | W50: 114.1 | X50: 112.1 | Y50: 111.4 | Z50: 110.9 | AA50: 113.1 | AB50: 108.9 | AC50: 111.8 | AD50: 116
A51: Urban | B51: 2014 | C51: May | D51: 122.7 | E51: 124.1 | F51: 114.2 | G51: 119.1 | H51: 103.5 | I51: 129.2 | J51: 127 | K51: 112.6 | L51: 101.3 | M51: 117 | N51: 112.9 | O51: 121.7 | P51: 120 | Q51: 118.3 | R51: 116.8 | S51: 112.9 | T51: 116.2 | U51: 114.3 | V51: 111.1 | W51: 114.1 | X51: 111.2 | Y51: 111.3 | Z51: 111.5 | AA51: 112.9 | AB51: 109.3 | AC51: 111.7 | AD51: 115.6
A52: Rural+Urban | B52: 2014 | C52: May | D52: 121.1 | E52: 121.6 | F52: 115.9 | G52: 118.4 | H52: 107.7 | I52: 127.7 | J52: 125 | K52: 111.9 | L52: 102.8 | M52: 113.4 | N52: 113.7 | O52: 120.4 | P52: 118.9 | Q52: 116.8 | R52: 118 | S52: 115.2 | T52: 117.6 | U52: 114.3 | V52: 112.5 | W52: 114.1 | X52: 111.8 | Y52: 111.3 | Z52: 111.2 | AA52: 113 | AB52: 109.1 | AC52: 111.8 | AD52: 115.8
A53: Rural | B53: 2014 | C53: June | D53: 120.7 | E53: 121.6 | F53: 116.1 | G53: 119.3 | H53: 110.3 | I53: 125.8 | J53: 129.3 | K53: 112.2 | L53: 103.6 | M53: 112.3 | N53: 114.9 | O53: 120.1 | P53: 119.5 | Q53: 117.3 | R53: 119.7 | S53: 117.3 | T53: 119.3 | U53: NA | V53: 114.4 | W53: 114.9 | X53: 112.8 | Y53: 112.2 | Z53: 111.4 | AA53: 114.3 | AB53: 108 | AC53: 112.3 | AD53: 117
A54: Urban | B54: 2014 | C54: June | D54: 123.1 | E54: 125.9 | F54: 115.4 | G54: 120.4 | H54: 103.4 | I54: 131.2 | J54: 137.5 | K54: 112.8 | L54: 101.4 | M54: 118.3 | N54: 113.2 | O54: 122.4 | P54: 122 | Q54: 119 | R54: 117.4 | S54: 113.2 | T54: 116.7 | U54: 113.9 | V54: 111.2 | W54: 114.3 | X54: 111.4 | Y54: 111.5 | Z54: 111.8 | AA54: 115.1 | AB54: 108.7 | AC54: 112.2 | AD54: 116.4
A55: Rural+Urban | B55: 2014 | C55: June | D55: 121.5 | E55: 123.1 | F55: 115.8 | G55: 119.7 | H55: 107.8 | I55: 128.3 | J55: 132.1 | K55: 112.4 | L55: 102.9 | M55: 114.3 | N55: 114.2 | O55: 121.2 | P55: 120.4 | Q55: 117.8 | R55: 118.8 | S55: 115.6 | T55: 118.3 | U55: 113.9 | V55: 113.2 | W55: 114.6 | X55: 112.3 | Y55: 111.8 | Z55: 111.6 | AA55: 114.8 | AB55: 108.3 | AC55: 112.3 | AD55: 116.7
A56: Rural | B56: 2014 | C56: July | D56: 121.7 | E56: 122.5 | F56: 117.7 | G56: 120.6 | H56: 110.4 | I56: 129.1 | J56: 150.1 | K56: 113.2 | L56: 104.8 | M56: 113.3 | N56: 115.6 | O56: 120.9 | P56: 123.3 | Q56: 118 | R56: 120.7 | S56: 118.3 | T56: 120.3 | U56: NA | V56: 115.3 | W56: 115.4 | X56: 113.4 | Y56: 113.2 | Z56: 111.8 | AA56: 115.5 | AB56: 108.8 | AC56: 113.1 | AD56: 119.5
A57: Urban | B57: 2014 | C57: July | D57: 123.8 | E57: 126.4 | F57: 118 | G57: 121.6 | H57: 103.5 | I57: 133.7 | J57: 172.4 | K57: 113.1 | L57: 102.7 | M57: 120 | N57: 113.8 | O57: 123.4 | P57: 127.1 | Q57: 121 | R57: 118 | S57: 113.6 | T57: 117.4 | U57: 114.8 | V57: 111.6 | W57: 114.9 | X57: 111.5 | Y57: 113 | Z57: 112.4 | AA57: 117.8 | AB57: 109.7 | AC57: 113.5 | AD57: 118.9
A58: Rural+Urban | B58: 2014 | C58: July | D58: 122.4 | E58: 123.9 | F58: 117.8 | G58: 121 | H58: 107.9 | I58: 131.2 | J58: 157.7 | K58: 113.2 | L58: 104.1 | M58: 115.5 | N58: 114.8 | O58: 122.1 | P58: 124.7 | Q58: 118.8 | R58: 119.6 | S58: 116.3 | T58: 119.1 | U58: 114.8 | V58: 113.9 | W58: 115.2 | X58: 112.7 | Y58: 113.1 | Z58: 112.1 | AA58: 116.8 | AB58: 109.2 | AC58: 113.3 | AD58: 119.2
A59: Rural | B59: 2014 | C59: August | D59: 121.8 | E59: 122.8 | F59: 117.8 | G59: 121.9 | H59: 110.6 | I59: 129.7 | J59: 161.1 | K59: 114.1 | L59: 105.1 | M59: 114.6 | N59: 115.8 | O59: 121.7 | P59: 125.3 | Q59: 118.8 | R59: 120.9 | S59: 118.8 | T59: 120.7 | U59: NA | V59: 115.4 | W59: 115.9 | X59: 114 | Y59: 113.2 | Z59: 112.2 | AA59: 116.2 | AB59: 109.4 | AC59: 113.5 | AD59: 120.7
A60: Urban | B60: 2014 | C60: August | D60: 124.8 | E60: 127.3 | F60: 116.5 | G60: 122.2 | H60: 103.6 | I60: 132.7 | J60: 181.9 | K60: 115.2 | L60: 102.7 | M60: 122.1 | N60: 114.4 | O60: 124.7 | P60: 128.9 | Q60: 123 | R60: 118.6 | S60: 114.1 | T60: 117.9 | U60: 115.5 | V60: 111.8 | W60: 115.3 | X60: 112.2 | Y60: 112.5 | Z60: 112.9 | AA60: 119.2 | AB60: 110.5 | AC60: 113.9 | AD60: 119.9
A61: Rural+Urban | B61: 2014 | C61: August | D61: 122.7 | E61: 124.4 | F61: 117.3 | G61: 122 | H61: 108 | I61: 131.1 | J61: 168.2 | K61: 114.5 | L61: 104.3 | M61: 117.1 | N61: 115.2 | O61: 123.1 | P61: 126.6 | Q61: 119.9 | R61: 120 | S61: 116.8 | T61: 119.6 | U61: 115.5 | V61: 114 | W61: 115.6 | X61: 113.3 | Y61: 112.8 | Z61: 112.6 | AA61: 118 | AB61: 109.9 | AC61: 113.7 | AD61: 120.3
A62: Rural | B62: 2014 | C62: September | D62: 122.3 | E62: 122.4 | F62: 117.8 | G62: 122.7 | H62: 110.4 | I62: 129.8 | J62: 158.8 | K62: 115 | L62: 104.7 | M62: 114.9 | N62: 116.5 | O62: 122.6 | P62: 125.3 | Q62: 119.5 | R62: 121.7 | S62: 119.2 | T62: 121.3 | U62: NA | V62: 115.8 | W62: 116.7 | X62: 114.5 | Y62: 112.8 | Z62: 112.6 | AA62: 116.6 | AB62: 109.1 | AC62: 113.7 | AD62: 120.9
A63: Urban | B63: 2014 | C63: September | D63: 124.2 | E63: 125.4 | F63: 116.4 | G63: 122.7 | H63: 103.5 | I63: 124.5 | J63: 168.6 | K63: 116.9 | L63: 101.9 | M63: 122.9 | N63: 114.8 | O63: 125.2 | P63: 126.7 | Q63: 124.3 | R63: 119.2 | S63: 114.5 | T63: 118.4 | U63: 116.1 | V63: 111.8 | W63: 115.5 | X63: 112.3 | Y63: 111.2 | Z63: 113.4 | AA63: 120 | AB63: 110 | AC63: 113.6 | AD63: 119.2
A64: Rural+Urban | B64: 2014 | C64: September | D64: 122.9 | E64: 123.5 | F64: 117.3 | G64: 122.7 | H64: 107.9 | I64: 127.3 | J64: 162.1 | K64: 115.6 | L64: 103.8 | M64: 117.6 | N64: 115.8 | O64: 123.8 | P64: 125.8 | Q64: 120.8 | R64: 120.7 | S64: 117.2 | T64: 120.1 | U64: 116.1 | V64: 114.3 | W64: 116.1 | X64: 113.7 | Y64: 112 | Z64: 113.1 | AA64: 118.6 | AB64: 109.5 | AC64: 113.7 | AD64: 120.1
A65: Rural | B65: 2014 | C65: October | D65: 122.6 | E65: 122.5 | F65: 118.3 | G65: 123.2 | H65: 110.5 | I65: 128.9 | J65: 155.3 | K65: 115.5 | L65: 104 | M65: 115.3 | N65: 116.8 | O65: 123.2 | P65: 125.1 | Q65: 120 | R65: 122.7 | S65: 120.3 | T65: 122.3 | U65: NA | V65: 116.4 | W65: 117.5 | X65: 115.3 | Y65: 112.6 | Z65: 113 | AA65: 116.9 | AB65: 109.3 | AC65: 114 | AD65: 121
A66: Urban | B66: 2014 | C66: October | D66: 124.6 | E66: 126.1 | F66: 117.8 | G66: 123.1 | H66: 103.5 | I66: 123.5 | J66: 159.6 | K66: 117.4 | L66: 101.2 | M66: 123.8 | N66: 115.2 | O66: 125.9 | P66: 125.8 | Q66: 124.3 | R66: 119.6 | S66: 114.9 | T66: 118.9 | U66: 116.7 | V66: 112 | W66: 115.8 | X66: 112.6 | Y66: 111 | Z66: 113.6 | AA66: 120.2 | AB66: 110.1 | AC66: 113.7 | AD66: 119.1
A67: Rural+Urban | B67: 2014 | C67: October | D67: 123.2 | E67: 123.8 | F67: 118.1 | G67: 123.2 | H67: 107.9 | I67: 126.4 | J67: 156.8 | K67: 116.1 | L67: 103.1 | M67: 118.1 | N67: 116.1 | O67: 124.5 | P67: 125.4 | Q67: 121.1 | R67: 121.5 | S67: 118.1 | T67: 121 | U67: 116.7 | V67: 114.7 | W67: 116.7 | X67: 114.3 | Y67: 111.8 | Z67: 113.3 | AA67: 118.8 | AB67: 109.6 | AC67: 113.9 | AD67: 120.1
A68: Rural | B68: 2014 | C68: November | D68: 122.7 | E68: 122.6 | F68: 119.9 | G68: 124 | H68: 110.5 | I68: 128.8 | J68: 152 | K68: 116.2 | L68: 103.3 | M68: 115.8 | N68: 116.8 | O68: 124.5 | P68: 124.9 | Q68: 120.8 | R68: 123.3 | S68: 120.5 | T68: 122.9 | U68: NA | V68: 117.3 | W68: 118.1 | X68: 115.9 | Y68: 112 | Z68: 113.3 | AA68: 117.2 | AB68: 108.8 | AC68: 114.1 | AD68: 121.1
A69: Urban | B69: 2014 | C69: November | D69: 124.5 | E69: 125.6 | F69: 122.7 | G69: 124.6 | H69: 103.2 | I69: 122.2 | J69: 153.2 | K69: 119.3 | L69: 99.8 | M69: 124.6 | N69: 115.8 | O69: 126.9 | P69: 125.4 | Q69: 125.8 | R69: 120.3 | S69: 115.4 | T69: 119.5 | U69: 117.1 | V69: 112.6 | W69: 116.4 | X69: 113 | Y69: 109.7 | Z69: 114 | AA69: 120.3 | AB69: 109.6 | AC69: 113.4 | AD69: 119
A70: Rural+Urban | B70: 2014 | C70: November | D70: 123.3 | E70: 123.7 | F70: 121 | G70: 124.2 | H70: 107.8 | I70: 125.7 | J70: 152.4 | K70: 117.2 | L70: 102.1 | M70: 118.7 | N70: 116.4 | O70: 125.6 | P70: 125.1 | Q70: 122.1 | R70: 122.1 | S70: 118.4 | T70: 121.6 | U70: 117.1 | V70: 115.5 | W70: 117.3 | X70: 114.8 | Y70: 110.8 | Z70: 113.7 | AA70: 119 | AB70: 109.1 | AC70: 113.8 | AD70: 120.1
A71: Rural | B71: 2014 | C71: December | D71: 122.4 | E71: 122.4 | F71: 121.8 | G71: 124.2 | H71: 110.2 | I71: 128.6 | J71: 140.3 | K71: 116.3 | L71: 102 | M71: 116 | N71: 117.3 | O71: 124.8 | P71: 123.3 | Q71: 121.7 | R71: 123.8 | S71: 120.6 | T71: 123.3 | U71: NA | V71: 117.4 | W71: 118.2 | X71: 116.2 | Y71: 111.5 | Z71: 113.3 | AA71: 117.7 | AB71: 109.4 | AC71: 114.2 | AD71: 120.3
A72: Urban | B72: 2014 | C72: December | D72: 124 | E72: 124.7 | F72: 126.3 | G72: 124.9 | H72: 103 | I72: 122.3 | J72: 141 | K72: 120.1 | L72: 97.8 | M72: 125.4 | N72: 116.1 | O72: 127.6 | P72: 124 | Q72: 126.4 | R72: 120.7 | S72: 115.8 | T72: 120 | U72: 116.5 | V72: 113 | W72: 116.8 | X72: 113.2 | Y72: 108.8 | Z72: 114.3 | AA72: 120.7 | AB72: 110.4 | AC72: 113.4 | AD72: 118.4
A73: Rural+Urban | B73: 2014 | C73: December | D73: 122.9 | E73: 123.2 | F73: 123.5 | G73: 124.5 | H73: 107.6 | I73: 125.7 | J73: 140.5 | K73: 117.6 | L73: 100.6 | M73: 119.1 | N73: 116.8 | O73: 126.1 | P73: 123.6 | Q73: 123 | R73: 122.6 | S73: 118.6 | T73: 122 | U73: 116.5 | V73: 115.7 | W73: 117.5 | X73: 115.1 | Y73: 110.1 | Z73: 113.9 | AA73: 119.5 | AB73: 109.8 | AC73: 113.8 | AD73: 119.4
A74: Rural | B74: 2015 | C74: January | D74: 123.1 | E74: 123.1 | F74: 122.1 | G74: 124.9 | H74: 111 | I74: 130.4 | J74: 132.3 | K74: 117.2 | L74: 100.5 | M74: 117.2 | N74: 117.9 | O74: 125.6 | P74: 122.8 | Q74: 122.7 | R74: 124.4 | S74: 121.6 | T74: 124 | U74: NA | V74: 118.4 | W74: 118.9 | X74: 116.6 | Y74: 111 | Z74: 114 | AA74: 118.2 | AB74: 110.2 | AC74: 114.5 | AD74: 120.3
A75: Urban | B75: 2015 | C75: January | D75: 124 | E75: 125.5 | F75: 126.6 | G75: 125.2 | H75: 104.3 | I75: 121.3 | J75: 134.4 | K75: 122.9 | L75: 96.1 | M75: 126.6 | N75: 116.5 | O75: 128 | P75: 123.5 | Q75: 127.4 | R75: 121 | S75: 116.1 | T75: 120.2 | U75: 117.3 | V75: 113.4 | W75: 117.2 | X75: 113.7 | Y75: 107.9 | Z75: 114.6 | AA75: 120.8 | AB75: 111.4 | AC75: 113.4 | AD75: 118.5
A76: Rural+Urban | B76: 2015 | C76: January | D76: 123.4 | E76: 123.9 | F76: 123.8 | G76: 125 | H76: 108.5 | I76: 126.2 | J76: 133 | K76: 119.1 | L76: 99 | M76: 120.3 | N76: 117.3 | O76: 126.7 | P76: 123.1 | Q76: 124 | R76: 123.1 | S76: 119.3 | T76: 122.5 | U76: 117.3 | V76: 116.5 | W76: 118.1 | X76: 115.5 | Y76: 109.4 | Z76: 114.3 | AA76: 119.7 | AB76: 110.7 | AC76: 114 | AD76: 119.5
A77: Rural | B77: 2015 | C77: February | D77: 123.4 | E77: 124.4 | F77: 122.1 | G77: 125.8 | H77: 111.5 | I77: 129.4 | J77: 128.2 | K77: 118.8 | L77: 100 | M77: 118.6 | N77: 118.8 | O77: 126.8 | P77: 122.8 | Q77: 124.2 | R77: 125.4 | S77: 122.7 | T77: 125 | U77: NA | V77: 120 | W77: 119.6 | X77: 117.7 | Y77: 110.9 | Z77: 114.8 | AA77: 118.7 | AB77: 110.8 | AC77: 115 | AD77: 120.6
A78: Urban | B78: 2015 | C78: February | D78: 124.3 | E78: 126.5 | F78: 119.5 | G78: 125.6 | H78: 104.9 | I78: 121.6 | J78: 131.8 | K78: 125.1 | L78: 95 | M78: 127.7 | N78: 116.8 | O78: 128.6 | P78: 123.7 | Q78: 128.1 | R78: 121.3 | S78: 116.5 | T78: 120.6 | U78: 118.1 | V78: 114 | W78: 117.7 | X78: 114.1 | Y78: 106.8 | Z78: 114.9 | AA78: 120.4 | AB78: 111.7 | AC78: 113.2 | AD78: 118.7
A79: Rural+Urban | B79: 2015 | C79: February | D79: 123.7 | E79: 125.1 | F79: 121.1 | G79: 125.7 | H79: 109.1 | I79: 125.8 | J79: 129.4 | K79: 120.9 | L79: 98.3 | M79: 121.6 | N79: 118 | O79: 127.6 | P79: 123.1 | Q79: 125.2 | R79: 123.8 | S79: 120.1 | T79: 123.3 | U79: 118.1 | V79: 117.7 | W79: 118.7 | X79: 116.3 | Y79: 108.7 | Z79: 114.9 | AA79: 119.7 | AB79: 111.2 | AC79: 114.1 | AD79: 119.7
A80: Rural | B80: 2015 | C80: March | D80: 123.3 | E80: 124.7 | F80: 118.9 | G80: 126 | H80: 111.8 | I80: 130.9 | J80: 128 | K80: 119.9 | L80: 98.9 | M80: 119.4 | N80: 118.9 | O80: 127.7 | P80: 123.1 | Q80: 124.7 | R80: 126 | S80: 122.9 | T80: 125.5 | U80: NA | V80: 120.6 | W80: 120.2 | X80: 118.2 | Y80: 111.6 | Z80: 115.5 | AA80: 119.4 | AB80: 110.8 | AC80: 115.5 | AD80: 121.1
A81: Urban | B81: 2015 | C81: March | D81: 124 | E81: 126.7 | F81: 113.5 | G81: 125.9 | H81: 104.8 | I81: 123.8 | J81: 131.4 | K81: 127.2 | L81: 93.2 | M81: 127.4 | N81: 117 | O81: 129.2 | P81: 123.9 | Q81: 128.8 | R81: 121.7 | S81: 116.9 | T81: 120.9 | U81: 118.6 | V81: 114.4 | W81: 118 | X81: 114.3 | Y81: 108.4 | Z81: 115.4 | AA81: 120.6 | AB81: 111.3 | AC81: 113.8 | AD81: 119.1
A82: Rural+Urban | B82: 2015 | C82: March | D82: 123.5 | E82: 125.4 | F82: 116.8 | G82: 126 | H82: 109.2 | I82: 127.6 | J82: 129.2 | K82: 122.4 | L82: 97 | M82: 122.1 | N82: 118.1 | O82: 128.4 | P82: 123.4 | Q82: 125.8 | R82: 124.3 | S82: 120.4 | T82: 123.7 | U82: 118.6 | V82: 118.3 | W82: 119.2 | X82: 116.7 | Y82: 109.9 | Z82: 115.4 | AA82: 120.1 | AB82: 111 | AC82: 114.7 | AD82: 120.2
A83: Rural | B83: 2015 | C83: April | D83: 123.3 | E83: 125.5 | F83: 117.2 | G83: 126.8 | H83: 111.9 | I83: 134.2 | J83: 127.5 | K83: 121.5 | L83: 97.8 | M83: 119.8 | N83: 119.4 | O83: 128.7 | P83: 123.6 | Q83: 125.7 | R83: 126.4 | S83: 123.3 | T83: 126 | U83: NA | V83: 121.2 | W83: 120.9 | X83: 118.6 | Y83: 111.9 | Z83: 116.2 | AA83: 119.9 | AB83: 111.6 | AC83: 116 | AD83: 121.5
A84: Urban | B84: 2015 | C84: April | D84: 123.8 | E84: 128.2 | F84: 110 | G84: 126.3 | H84: 104.5 | I84: 130.6 | J84: 130.8 | K84: 131.3 | L84: 91.6 | M84: 127.7 | N84: 117.2 | O84: 129.5 | P84: 124.6 | Q84: 130.1 | R84: 122.1 | S84: 117.2 | T84: 121.3 | U84: 119.2 | V84: 114.7 | W84: 118.4 | X84: 114.6 | Y84: 108.4 | Z84: 115.6 | AA84: 121.7 | AB84: 111.8 | AC84: 114.2 | AD84: 119.7
A85: Rural+Urban | B85: 2015 | C85: April | D85: 123.5 | E85: 126.4 | F85: 114.4 | G85: 126.6 | H85: 109.2 | I85: 132.5 | J85: 128.6 | K85: 124.8 | L85: 95.7 | M85: 122.4 | N85: 118.5 | O85: 129.1 | P85: 124 | Q85: 126.9 | R85: 124.7 | S85: 120.8 | T85: 124.1 | U85: 119.2 | V85: 118.7 | W85: 119.7 | X85: 117.1 | Y85: 110.1 | Z85: 115.9 | AA85: 121 | AB85: 111.7 | AC85: 115.1 | AD85: 120.7
A86: Rural | B86: 2015 | C86: May | D86: 123.5 | E86: 127.1 | F86: 117.3 | G86: 127.7 | H86: 112.5 | I86: 134.1 | J86: 128.5 | K86: 124.3 | L86: 97.6 | M86: 120.7 | N86: 120.2 | O86: 129.8 | P86: 124.4 | Q86: 126.7 | R86: 127.3 | S86: 124.1 | T86: 126.8 | U86: NA | V86: 121.9 | W86: 121.5 | X86: 119.4 | Y86: 113.3 | Z86: 116.7 | AA86: 120.5 | AB86: 112.3 | AC86: 116.9 | AD86: 122.4
A87: Urban | B87: 2015 | C87: May | D87: 123.8 | E87: 129.7 | F87: 111.3 | G87: 126.6 | H87: 105.2 | I87: 130.8 | J87: 135.6 | K87: 142.6 | L87: 90.8 | M87: 128.8 | N87: 117.7 | O87: 129.9 | P87: 126.1 | Q87: 131.3 | R87: 122.4 | S87: 117.4 | T87: 121.6 | U87: 119.6 | V87: 114.9 | W87: 118.7 | X87: 114.9 | Y87: 110.8 | Z87: 116 | AA87: 122 | AB87: 112.4 | AC87: 115.2 | AD87: 120.7
A88: Rural+Urban | B88: 2015 | C88: May | D88: 123.6 | E88: 128 | F88: 115 | G88: 127.3 | H88: 109.8 | I88: 132.6 | J88: 130.9 | K88: 130.5 | L88: 95.3 | M88: 123.4 | N88: 119.2 | O88: 129.8 | P88: 125 | Q88: 127.9 | R88: 125.4 | S88: 121.3 | T88: 124.7 | U88: 119.6 | V88: 119.2 | W88: 120.2 | X88: 117.7 | Y88: 112 | Z88: 116.3 | AA88: 121.4 | AB88: 112.3 | AC88: 116.1 | AD88: 121.6
A89: Rural | B89: 2015 | C89: June | D89: 124.1 | E89: 130.4 | F89: 122.1 | G89: 128.7 | H89: 114.1 | I89: 133.2 | J89: 135.2 | K89: 131.9 | L89: 96.3 | M89: 123 | N89: 121.1 | O89: 131.2 | P89: 126.6 | Q89: 128.2 | R89: 128.4 | S89: 125.1 | T89: 128 | U89: NA | V89: 122.6 | W89: 122.8 | X89: 120.4 | Y89: 114.2 | Z89: 117.9 | AA89: 122 | AB89: 113 | AC89: 117.9 | AD89: 124.1
A90: Urban | B90: 2015 | C90: June | D90: 123.6 | E90: 134.4 | F90: 120.9 | G90: 127.3 | H90: 106 | I90: 132.3 | J90: 146.7 | K90: 148.1 | L90: 89.8 | M90: 130.5 | N90: 118 | O90: 130.5 | P90: 128.5 | Q90: 132.1 | R90: 123.2 | S90: 117.6 | T90: 122.3 | U90: 119 | V90: 115.1 | W90: 119.2 | X90: 115.4 | Y90: 111.7 | Z90: 116.2 | AA90: 123.8 | AB90: 112.5 | AC90: 116 | AD90: 121.7
A91: Rural+Urban | B91: 2015 | C91: June | D91: 123.9 | E91: 131.8 | F91: 121.6 | G91: 128.2 | H91: 111.1 | I91: 132.8 | J91: 139.1 | K91: 137.4 | L91: 94.1 | M91: 125.5 | N91: 119.8 | O91: 130.9 | P91: 127.3 | Q91: 129.2 | R91: 126.4 | S91: 122 | T91: 125.7 | U91: 119 | V91: 119.8 | W91: 121.1 | X91: 118.5 | Y91: 112.9 | Z91: 116.9 | AA91: 123.1 | AB91: 112.8 | AC91: 117 | AD91: 123
A92: Rural | B92: 2015 | C92: July | D92: 124 | E92: 131.5 | F92: 122 | G92: 128.7 | H92: 113.5 | I92: 133.3 | J92: 140.8 | K92: 133.8 | L92: 94.1 | M92: 123.4 | N92: 121 | O92: 131.7 | P92: 127.5 | Q92: 129.4 | R92: 128.8 | S92: 125.5 | T92: 128.3 | U92: NA | V92: 123 | W92: 123 | X92: 120.8 | Y92: 114.1 | Z92: 118 | AA92: 122.9 | AB92: 112.7 | AC92: 118.1 | AD92: 124.7
A93: Urban | B93: 2015 | C93: July | D93: 123.2 | E93: 134.3 | F93: 119.5 | G93: 127.7 | H93: 106.3 | I93: 132.8 | J93: 153.5 | K93: 149.5 | L93: 85.7 | M93: 131.5 | N93: 118.3 | O93: 131.1 | P93: 129.5 | Q93: 133.1 | R93: 123.5 | S93: 117.9 | T93: 122.7 | U93: 119.9 | V93: 115.3 | W93: 119.5 | X93: 116 | Y93: 111.5 | Z93: 116.6 | AA93: 125.4 | AB93: 111.7 | AC93: 116.3 | AD93: 122.4
A94: Rural+Urban | B94: 2015 | C94: July | D94: 123.7 | E94: 132.5 | F94: 121 | G94: 128.3 | H94: 110.9 | I94: 133.1 | J94: 145.1 | K94: 139.1 | L94: 91.3 | M94: 126.1 | N94: 119.9 | O94: 131.4 | P94: 128.2 | Q94: 130.4 | R94: 126.7 | S94: 122.3 | T94: 126.1 | U94: 119.9 | V94: 120.1 | W94: 121.3 | X94: 119 | Y94: 112.7 | Z94: 117.2 | AA94: 124.4 | AB94: 112.3 | AC94: 117.2 | AD94: 123.6
A95: Rural | B95: 2015 | C95: August | D95: 124.7 | E95: 131.3 | F95: 121.3 | G95: 128.8 | H95: 114 | I95: 134.2 | J95: 153.6 | K95: 137.9 | L95: 93.1 | M95: 123.9 | N95: 121.5 | O95: 132.5 | P95: 129.8 | Q95: 130.1 | R95: 129.5 | S95: 126.3 | T95: 129 | U95: NA | V95: 123.8 | W95: 123.7 | X95: 121.1 | Y95: 113.6 | Z95: 118.5 | AA95: 123.6 | AB95: 112.5 | AC95: 118.2 | AD95: 126.1
A96: Urban | B96: 2015 | C96: August | D96: 123.1 | E96: 131.7 | F96: 118.1 | G96: 128 | H96: 106.8 | I96: 130.1 | J96: 165.5 | K96: 156 | L96: 85.3 | M96: 132.7 | N96: 118.8 | O96: 131.7 | P96: 131.1 | Q96: 134.2 | R96: 123.7 | S96: 118.2 | T96: 122.9 | U96: 120.9 | V96: 115.3 | W96: 120 | X96: 116.6 | Y96: 109.9 | Z96: 117.2 | AA96: 126.2 | AB96: 112 | AC96: 116.2 | AD96: 123.2
A97: Rural+Urban | B97: 2015 | C97: August | D97: 124.2 | E97: 131.4 | F97: 120.1 | G97: 128.5 | H97: 111.4 | I97: 132.3 | J97: 157.6 | K97: 144 | L97: 90.5 | M97: 126.8 | N97: 120.4 | O97: 132.1 | P97: 130.3 | Q97: 131.2 | R97: 127.2 | S97: 122.9 | T97: 126.6 | U97: 120.9 | V97: 120.6 | W97: 122 | X97: 119.4 | Y97: 111.7 | Z97: 117.8 | AA97: 125.1 | AB97: 112.3 | AC97: 117.2 | AD97: 124.8
A98: Rural | B98: 2015 | C98: September | D98: 125.1 | E98: 131.1 | F98: 120.7 | G98: 129.2 | H98: 114.7 | I98: 132.3 | J98: 158.9 | K98: 142.1 | L98: 92.5 | M98: 125.4 | N98: 121.9 | O98: 132.7 | P98: 131 | Q98: 131 | R98: 130.4 | S98: 126.8 | T98: 129.9 | U98: NA | V98: 123.7 | W98: 124.5 | X98: 121.4 | Y98: 113.8 | Z98: 119.6 | AA98: 124.5 | AB98: 113.7 | AC98: 118.8 | AD98: 127
A99: Urban | B99: 2015 | C99: September | D99: 123.4 | E99: 129 | F99: 115.6 | G99: 128.3 | H99: 107 | I99: 124 | J99: 168.5 | K99: 165.4 | L99: 86.3 | M99: 134.4 | N99: 119.1 | O99: 132.3 | P99: 131.5 | Q99: 134.7 | R99: 124 | S99: 118.6 | T99: 123.2 | U99: 121.6 | V99: 115.1 | W99: 120.4 | X99: 117.1 | Y99: 109.1 | Z99: 117.3 | AA99: 126.5 | AB99: 112.9 | AC99: 116.2 | AD99: 123.5
A100: Rural+Urban | B100: 2015 | C100: September | D100: 124.6 | E100: 130.4 | F100: 118.7 | G100: 128.9 | H100: 111.9 | I100: 128.4 | J100: 162.2 | K100: 150 | L100: 90.4 | M100: 128.4 | N100: 120.7 | O100: 132.5 | P100: 131.2 | Q100: 132 | R100: 127.9 | S100: 123.4 | T100: 127.2 | U100: 121.6 | V100: 120.4 | W100: 122.6 | X100: 119.8 | Y100: 111.3 | Z100: 118.3 | AA100: 125.7 | AB100: 113.4 | AC100: 117.5 | AD100: 125.4
...

Sheet data
A1: Sector | B1: Year | C1: Month | D1: Cereals and products | E1: Meat and fish | F1: Egg | G1: Milk and products | H1: Oils and fats | I1: Fruits | J1: Vegetables | K1: Pulses and products | L1: Sugar and Confectionery | M1: Spices | N1: Non-alcoholic beverages | O1: Prepared meals, snacks, sweets etc. | P1: Food and beverages2 | Q1: Pan, tobacco and intoxicants | R1: Clothing | S1: Footwear | T1: Clothing and footwear2 | U1: Housing | V1: Fuel and light | W1: Household goods and services | X1: Health | Y1: Transport and communication | Z1: Recreation and amusement | AA1: Education | AB1: Personal care and effects | AC1: Miscellaneous | AD1: General index2 | AE1: duplicates check
A2: Rural | B2: 2013 | C2: January | D2: 107.5 | E2: 106.3 | F2: 108.1 | G2: 104.9 | H2: 106.1 | I2: 103.9 | J2: 101.9 | K2: 106.1 | L2: 106.8 | M2: 103.1 | N2: 104.8 | O2: 106.7 | P2: 105.5 | Q2: 105.1 | R2: 106.5 | S2: 105.8 | T2: 106.4 | U2: NA | V2: 105.5 | W2: 104.8 | X2: 104 | Y2: 103.3 | Z2: 103.4 | AA2: 103.8 | AB2: 104.7 | AC2: 104 | AD2: 105.1 | AE2: =COUNTIFS($A$2:$A$379,A2,$B$2:$B$379,B3,$C$2:$C$379,C2) -> 1
A3: Urban | B3: 2013 | C3: January | D3: 110.5 | E3: 109.1 | F3: 113 | G3: 103.6 | H3: 103.4 | I3: 102.3 | J3: 102.9 | K3: 105.8 | L3: 105.1 | M3: 101.8 | N3: 105.1 | O3: 107.9 | P3: 105.9 | Q3: 105.2 | R3: 105.9 | S3: 105 | T3: 105.8 | U3: 100.3 | V3: 105.4 | W3: 104.8 | X3: 104.1 | Y3: 103.2 | Z3: 102.9 | AA3: 103.5 | AB3: 104.3 | AC3: 103.7 | AD3: 104 | AE3: =COUNTIFS($A$2:$A$379,A3,$B$2:$B$379,B4,$C$2:$C$379,C3) -> 1
A4: Rural+Urban | B4: 2013 | C4: January | D4: 108.4 | E4: 107.3 | F4: 110 | G4: 104.4 | H4: 105.1 | I4: 103.2 | J4: 102.2 | K4: 106 | L4: 106.2 | M4: 102.7 | N4: 104.9 | O4: 107.3 | P4: 105.6 | Q4: 105.1 | R4: 106.3 | S4: 105.5 | T4: 106.2 | U4: 100.3 | V4: 105.5 | W4: 104.8 | X4: 104 | Y4: 103.2 | Z4: 103.1 | AA4: 103.6 | AB4: 104.5 | AC4: 103.9 | AD4: 104.6 | AE4: =COUNTIFS($A$2:$A$379,A4,$B$2:$B$379,B5,$C$2:$C$379,C4) -> 1
A5: Rural | B5: 2013 | C5: February | D5: 109.2 | E5: 108.7 | F5: 110.2 | G5: 105.4 | H5: 106.7 | I5: 104 | J5: 102.4 | K5: 105.9 | L5: 105.7 | M5: 103.1 | N5: 105.1 | O5: 107.7 | P5: 106.3 | Q5: 105.6 | R5: 107.1 | S5: 106.3 | T5: 107 | U5: NA | V5: 106.2 | W5: 105.2 | X5: 104.4 | Y5: 103.9 | Z5: 104 | AA5: 104.1 | AB5: 104.6 | AC5: 104.4 | AD5: 105.8 | AE5: =COUNTIFS($A$2:$A$379,A5,$B$2:$B$379,B6,$C$2:$C$379,C5) -> 1
A6: Urban | B6: 2013 | C6: February | D6: 112.9 | E6: 112.9 | F6: 116.9 | G6: 104 | H6: 103.5 | I6: 103.1 | J6: 104.9 | K6: 104.1 | L6: 103.8 | M6: 102.3 | N6: 106 | O6: 109 | P6: 107.2 | Q6: 106 | R6: 106.6 | S6: 105.5 | T6: 106.4 | U6: 100.4 | V6: 105.7 | W6: 105.2 | X6: 104.7 | Y6: 104.4 | Z6: 103.3 | AA6: 103.7 | AB6: 104.3 | AC6: 104.3 | AD6: 104.7 | AE6: =COUNTIFS($A$2:$A$379,A6,$B$2:$B$379,B7,$C$2:$C$379,C6) -> 1
A7: Rural+Urban | B7: 2013 | C7: February | D7: 110.4 | E7: 110.2 | F7: 112.8 | G7: 104.9 | H7: 105.5 | I7: 103.6 | J7: 103.2 | K7: 105.3 | L7: 105.1 | M7: 102.8 | N7: 105.5 | O7: 108.3 | P7: 106.6 | Q7: 105.7 | R7: 106.9 | S7: 106 | T7: 106.8 | U7: 100.4 | V7: 106 | W7: 105.2 | X7: 104.5 | Y7: 104.2 | Z7: 103.6 | AA7: 103.9 | AB7: 104.5 | AC7: 104.4 | AD7: 105.3 | AE7: =COUNTIFS($A$2:$A$379,A7,$B$2:$B$379,B8,$C$2:$C$379,C7) -> 1
A8: Rural | B8: 2013 | C8: March | D8: 110.2 | E8: 108.8 | F8: 109.9 | G8: 105.6 | H8: 106.2 | I8: 105.7 | J8: 101.4 | K8: 105.7 | L8: 105 | M8: 103.3 | N8: 105.6 | O8: 108.2 | P8: 106.6 | Q8: 106.5 | R8: 107.6 | S8: 106.8 | T8: 107.5 | U8: NA | V8: 106.1 | W8: 105.6 | X8: 104.7 | Y8: 104.6 | Z8: 104 | AA8: 104.3 | AB8: 104.3 | AC8: 104.6 | AD8: 106 | AE8: =COUNTIFS($A$2:$A$379,A8,$B$2:$B$379,B9,$C$2:$C$379,C8) -> 1
A9: Urban | B9: 2013 | C9: March | D9: 113.9 | E9: 111.4 | F9: 113.2 | G9: 104.3 | H9: 102.7 | I9: 104.9 | J9: 103.8 | K9: 103.5 | L9: 102.6 | M9: 102.4 | N9: 107 | O9: 109.8 | P9: 107.3 | Q9: 106.8 | R9: 107.2 | S9: 106 | T9: 107 | U9: 100.4 | V9: 106 | W9: 105.7 | X9: 105.2 | Y9: 105.5 | Z9: 103.5 | AA9: 103.8 | AB9: 104.2 | AC9: 104.9 | AD9: 105 | AE9: =COUNTIFS($A$2:$A$379,A9,$B$2:$B$379,B10,$C$2:$C$379,C9) -> 1
A10: Rural+Urban | B10: 2013 | C10: March | D10: 111.4 | E10: 109.7 | F10: 111.2 | G10: 105.1 | H10: 104.9 | I10: 105.3 | J10: 102.2 | K10: 105 | L10: 104.2 | M10: 103 | N10: 106.2 | O10: 108.9 | P10: 106.9 | Q10: 106.6 | R10: 107.4 | S10: 106.5 | T10: 107.3 | U10: 100.4 | V10: 106.1 | W10: 105.6 | X10: 104.9 | Y10: 105.1 | Z10: 103.7 | AA10: 104 | AB10: 104.3 | AC10: 104.7 | AD10: 105.5 | AE10: =COUNTIFS($A$2:$A$379,A10,$B$2:$B$379,B11,$C$2:$C$379,C10) -> 1
A11: Rural | B11: 2013 | C11: April | D11: 110.2 | E11: 109.5 | F11: 106.9 | G11: 106.3 | H11: 105.7 | I11: 108.3 | J11: 103.4 | K11: 105.7 | L11: 104.2 | M11: 103.2 | N11: 106.5 | O11: 108.8 | P11: 107.1 | Q11: 107.1 | R11: 108.1 | S11: 107.4 | T11: 108 | U11: NA | V11: 106.5 | W11: 106.1 | X11: 105.1 | Y11: 104.4 | Z11: 104.5 | AA11: 104.8 | AB11: 102.7 | AC11: 104.6 | AD11: 106.4 | AE11: =COUNTIFS($A$2:$A$379,A11,$B$2:$B$379,B12,$C$2:$C$379,C11) -> 1
A12: Urban | B12: 2013 | C12: April | D12: 114.6 | E12: 113.4 | F12: 106 | G12: 104.7 | H12: 102.1 | I12: 109.5 | J12: 109.7 | K12: 104.6 | L12: 102 | M12: 103.5 | N12: 108.2 | O12: 110.6 | P12: 108.8 | Q12: 108.5 | R12: 107.9 | S12: 106.4 | T12: 107.7 | U12: 100.5 | V12: 106.4 | W12: 106.5 | X12: 105.7 | Y12: 105 | Z12: 104 | AA12: 105.2 | AB12: 103.2 | AC12: 105.1 | AD12: 105.7 | AE12: =COUNTIFS($A$2:$A$379,A12,$B$2:$B$379,B13,$C$2:$C$379,C12) -> 1
A13: Rural+Urban | B13: 2013 | C13: April | D13: 111.6 | E13: 110.9 | F13: 106.6 | G13: 105.7 | H13: 104.4 | I13: 108.9 | J13: 105.5 | K13: 105.3 | L13: 103.5 | M13: 103.3 | N13: 107.2 | O13: 109.6 | P13: 107.7 | Q13: 107.5 | R13: 108 | S13: 107 | T13: 107.9 | U13: 100.5 | V13: 106.5 | W13: 106.3 | X13: 105.3 | Y13: 104.7 | Z13: 104.2 | AA13: 105 | AB13: 102.9 | AC13: 104.8 | AD13: 106.1 | AE13: =COUNTIFS($A$2:$A$379,A13,$B$2:$B$379,B14,$C$2:$C$379,C13) -> 1
A14: Rural | B14: 2013 | C14: May | D14: 110.9 | E14: 109.8 | F14: 105.9 | G14: 107.5 | H14: 105.3 | I14: 108.1 | J14: 107.3 | K14: 106.1 | L14: 103.7 | M14: 104 | N14: 107.4 | O14: 109.9 | P14: 108.1 | Q14: 108.1 | R14: 108.8 | S14: 107.9 | T14: 108.6 | U14: NA | V14: 107.5 | W14: 106.8 | X14: 105.7 | Y14: 104.1 | Z14: 105 | AA14: 105.5 | AB14: 102.1 | AC14: 104.8 | AD14: 107.2 | AE14: =COUNTIFS($A$2:$A$379,A14,$B$2:$B$379,B15,$C$2:$C$379,C14) -> 1
A15: Urban | B15: 2013 | C15: May | D15: 115.4 | E15: 114.2 | F15: 102.7 | G15: 105.5 | H15: 101.5 | I15: 110.6 | J15: 123.7 | K15: 105.2 | L15: 101.9 | M15: 105 | N15: 109.1 | O15: 111.3 | P15: 111.1 | Q15: 109.8 | R15: 108.5 | S15: 106.7 | T15: 108.3 | U15: 100.5 | V15: 107.2 | W15: 107.1 | X15: 106.2 | Y15: 103.9 | Z15: 104.6 | AA15: 105.7 | AB15: 102.6 | AC15: 104.9 | AD15: 106.6 | AE15: =COUNTIFS($A$2:$A$379,A15,$B$2:$B$379,B16,$C$2:$C$379,C15) -> 1
A16: Rural+Urban | B16: 2013 | C16: May | D16: 112.3 | E16: 111.3 | F16: 104.7 | G16: 106.8 | H16: 103.9 | I16: 109.3 | J16: 112.9 | K16: 105.8 | L16: 103.1 | M16: 104.3 | N16: 108.1 | O16: 110.5 | P16: 109.2 | Q16: 108.6 | R16: 108.7 | S16: 107.4 | T16: 108.5 | U16: 100.5 | V16: 107.4 | W16: 106.9 | X16: 105.9 | Y16: 104 | Z16: 104.8 | AA16: 105.6 | AB16: 102.3 | AC16: 104.8 | AD16: 106.9 | AE16: =COUNTIFS($A$2:$A$379,A16,$B$2:$B$379,B17,$C$2:$C$379,C16) -> 1
A17: Rural | B17: 2013 | C17: June | D17: 112.3 | E17: 112.1 | F17: 108.1 | G17: 108.3 | H17: 105.9 | I17: 109.2 | J17: 118 | K17: 106.8 | L17: 104.1 | M17: 105.4 | N17: 108.2 | O17: 111 | P17: 110.6 | Q17: 109 | R17: 109.7 | S17: 108.8 | T17: 109.5 | U17: NA | V17: 108.5 | W17: 107.5 | X17: 106.3 | Y17: 105 | Z17: 105.6 | AA17: 106.5 | AB17: 102.5 | AC17: 105.5 | AD17: 108.9 | AE17: =COUNTIFS($A$2:$A$379,A17,$B$2:$B$379,B18,$C$2:$C$379,C17) -> 1
A18: Urban | B18: 2013 | C18: June | D18: 117 | E18: 120.1 | F18: 112.5 | G18: 107.3 | H18: 101.3 | I18: 112.4 | J18: 143.6 | K18: 105.4 | L18: 101.4 | M18: 106.4 | N18: 110 | O18: 112.2 | P18: 115 | Q18: 110.9 | R18: 109.2 | S18: 107.2 | T18: 108.9 | U18: 106.6 | V18: 108 | W18: 107.7 | X18: 106.5 | Y18: 105.2 | Z18: 105.2 | AA18: 108.1 | AB18: 103.3 | AC18: 106.1 | AD18: 109.7 | AE18: =COUNTIFS($A$2:$A$379,A18,$B$2:$B$379,B19,$C$2:$C$379,C18) -> 1
A19: Rural+Urban | B19: 2013 | C19: June | D19: 113.8 | E19: 114.9 | F19: 109.8 | G19: 107.9 | H19: 104.2 | I19: 110.7 | J19: 126.7 | K19: 106.3 | L19: 103.2 | M19: 105.7 | N19: 109 | O19: 111.6 | P19: 112.2 | Q19: 109.5 | R19: 109.5 | S19: 108.1 | T19: 109.3 | U19: 106.6 | V19: 108.3 | W19: 107.6 | X19: 106.4 | Y19: 105.1 | Z19: 105.4 | AA19: 107.4 | AB19: 102.8 | AC19: 105.8 | AD19: 109.3 | AE19: =COUNTIFS($A$2:$A$379,A19,$B$2:$B$379,B20,$C$2:$C$379,C19) -> 1
A20: Rural | B20: 2013 | C20: July | D20: 113.4 | E20: 114.9 | F20: 110.5 | G20: 109.3 | H20: 106.2 | I20: 110.3 | J20: 129.2 | K20: 107.1 | L20: 104.3 | M20: 106.4 | N20: 109.1 | O20: 112.1 | P20: 113.1 | Q20: 109.8 | R20: 110.5 | S20: 109.5 | T20: 110.3 | U20: NA | V20: 109.5 | W20: 108.3 | X20: 106.9 | Y20: 106.8 | Z20: 106.4 | AA20: 107.8 | AB20: 102.5 | AC20: 106.5 | AD20: 110.7 | AE20: =COUNTIFS($A$2:$A$379,A20,$B$2:$B$379,B21,$C$2:$C$379,C20) -> 1
A21: Urban | B21: 2013 | C21: July | D21: 117.8 | E21: 119.2 | F21: 114 | G21: 108.3 | H21: 101.1 | I21: 113.2 | J21: 160.9 | K21: 105.1 | L21: 101.3 | M21: 107.5 | N21: 110.4 | O21: 113.1 | P21: 117.5 | Q21: 111.7 | R21: 109.8 | S21: 107.8 | T21: 109.5 | U21: 107.7 | V21: 108.6 | W21: 108.1 | X21: 107.1 | Y21: 107.3 | Z21: 105.9 | AA21: 110.1 | AB21: 103.2 | AC21: 107.3 | AD21: 111.4 | AE21: =COUNTIFS($A$2:$A$379,A21,$B$2:$B$379,B22,$C$2:$C$379,C21) -> 1
A22: Rural+Urban | B22: 2013 | C22: July | D22: 114.8 | E22: 116.4 | F22: 111.9 | G22: 108.9 | H22: 104.3 | I22: 111.7 | J22: 140 | K22: 106.4 | L22: 103.3 | M22: 106.8 | N22: 109.6 | O22: 112.6 | P22: 114.7 | Q22: 110.3 | R22: 110.2 | S22: 108.8 | T22: 110 | U22: 107.7 | V22: 109.2 | W22: 108.2 | X22: 107 | Y22: 107.1 | Z22: 106.1 | AA22: 109.1 | AB22: 102.8 | AC22: 106.9 | AD22: 111 | AE22: =COUNTIFS($A$2:$A$379,A22,$B$2:$B$379,B23,$C$2:$C$379,C22) -> 1
A23: Rural | B23: 2013 | C23: August | D23: 114.3 | E23: 115.4 | F23: 111.1 | G23: 110 | H23: 106.4 | I23: 110.8 | J23: 138.9 | K23: 107.4 | L23: 104.1 | M23: 106.9 | N23: 109.7 | O23: 112.6 | P23: 114.9 | Q23: 110.7 | R23: 111.3 | S23: 110.2 | T23: 111.1 | U23: NA | V23: 109.9 | W23: 108.7 | X23: 107.5 | Y23: 107.8 | Z23: 106.8 | AA23: 108.7 | AB23: 105 | AC23: 107.5 | AD23: 112.1 | AE23: =COUNTIFS($A$2:$A$379,A23,$B$2:$B$379,B24,$C$2:$C$379,C23) -> 1
A24: Urban | B24: 2013 | C24: August | D24: 118.3 | E24: 120.4 | F24: 112.7 | G24: 108.9 | H24: 101.1 | I24: 108.7 | J24: 177 | K24: 104.7 | L24: 101 | M24: 108.5 | N24: 110.9 | O24: 114.3 | P24: 119.6 | Q24: 112.4 | R24: 110.6 | S24: 108.3 | T24: 110.2 | U24: 108.9 | V24: 109.3 | W24: 108.7 | X24: 107.6 | Y24: 108.1 | Z24: 106.5 | AA24: 110.8 | AB24: 106 | AC24: 108.3 | AD24: 112.7 | AE24: =COUNTIFS($A$2:$A$379,A24,$B$2:$B$379,B25,$C$2:$C$379,C24) -> 1
A25: Rural+Urban | B25: 2013 | C25: August | D25: 115.6 | E25: 117.2 | F25: 111.7 | G25: 109.6 | H25: 104.5 | I25: 109.8 | J25: 151.8 | K25: 106.5 | L25: 103.1 | M25: 107.4 | N25: 110.2 | O25: 113.4 | P25: 116.6 | Q25: 111.2 | R25: 111 | S25: 109.4 | T25: 110.7 | U25: 108.9 | V25: 109.7 | W25: 108.7 | X25: 107.5 | Y25: 108 | Z25: 106.6 | AA25: 109.9 | AB25: 105.4 | AC25: 107.9 | AD25: 112.4 | AE25: =COUNTIFS($A$2:$A$379,A25,$B$2:$B$379,B26,$C$2:$C$379,C25) -> 1
A26: Rural | B26: 2013 | C26: September | D26: 115.4 | E26: 115.7 | F26: 111.7 | G26: 111 | H26: 107.4 | I26: 110.9 | J26: 154 | K26: 108.1 | L26: 104.2 | M26: 107.9 | N26: 110.4 | O26: 114 | P26: 117.8 | Q26: 111.7 | R26: 112.7 | S26: 111.4 | T26: 112.5 | U26: NA | V26: 111.1 | W26: 109.6 | X26: 108.3 | Y26: 109.3 | Z26: 107.7 | AA26: 109.8 | AB26: 106.7 | AC26: 108.7 | AD26: 114.2 | AE26: =COUNTIFS($A$2:$A$379,A26,$B$2:$B$379,B27,$C$2:$C$379,C26) -> 1
A27: Urban | B27: 2013 | C27: September | D27: 118.6 | E27: 119.1 | F27: 113.2 | G27: 109.6 | H27: 101.7 | I27: 103.2 | J27: 174.3 | K27: 105.1 | L27: 100.8 | M27: 109.1 | N27: 111.1 | O27: 115.4 | P27: 119.2 | Q27: 112.9 | R27: 111.4 | S27: 109 | T27: 111.1 | U27: 109.7 | V27: 109.5 | W27: 109.6 | X27: 107.9 | Y27: 110.4 | Z27: 107.4 | AA27: 111.2 | AB27: 106.9 | AC27: 109.4 | AD27: 113.2 | AE27: =COUNTIFS($A$2:$A$379,A27,$B$2:$B$379,B28,$C$2:$C$379,C27) -> 1
A28: Rural+Urban | B28: 2013 | C28: September | D28: 116.4 | E28: 116.9 | F28: 112.3 | G28: 110.5 | H28: 105.3 | I28: 107.3 | J28: 160.9 | K28: 107.1 | L28: 103.1 | M28: 108.3 | N28: 110.7 | O28: 114.6 | P28: 118.3 | Q28: 112 | R28: 112.2 | S28: 110.4 | T28: 111.9 | U28: 109.7 | V28: 110.5 | W28: 109.6 | X28: 108.1 | Y28: 109.9 | Z28: 107.5 | AA28: 110.6 | AB28: 106.8 | AC28: 109 | AD28: 113.7 | AE28: =COUNTIFS($A$2:$A$379,A28,$B$2:$B$379,B29,$C$2:$C$379,C28) -> 1
A29: Rural | B29: 2013 | C29: October | D29: 116.3 | E29: 115.4 | F29: 112.6 | G29: 111.7 | H29: 107.7 | I29: 113.2 | J29: 164.9 | K29: 108.3 | L29: 103.9 | M29: 108.2 | N29: 111.1 | O29: 114.9 | P29: 119.8 | Q29: 112.2 | R29: 113.6 | S29: 112.3 | T29: 113.4 | U29: NA | V29: 111.6 | W29: 110.4 | X29: 108.9 | Y29: 109.3 | Z29: 108.3 | AA29: 110.2 | AB29: 107.5 | AC29: 109.1 | AD29: 115.5 | AE29: =COUNTIFS($A$2:$A$379,A29,$B$2:$B$379,B30,$C$2:$C$379,C29) -> 1
A30: Urban | B30: 2013 | C30: October | D30: 118.9 | E30: 118.1 | F30: 114.5 | G30: 110.4 | H30: 102.3 | I30: 106.2 | J30: 183.5 | K30: 105.3 | L30: 100.2 | M30: 109.6 | N30: 111.4 | O30: 116 | P30: 120.8 | Q30: 113.5 | R30: 112.5 | S30: 109.7 | T30: 112 | U30: 110.5 | V30: 109.7 | W30: 110.2 | X30: 108.2 | Y30: 109.7 | Z30: 108 | AA30: 111.3 | AB30: 107.3 | AC30: 109.4 | AD30: 114 | AE30: =COUNTIFS($A$2:$A$379,A30,$B$2:$B$379,B31,$C$2:$C$379,C30) -> 1
A31: Rural+Urban | B31: 2013 | C31: October | D31: 117.1 | E31: 116.3 | F31: 113.3 | G31: 111.2 | H31: 105.7 | I31: 109.9 | J31: 171.2 | K31: 107.3 | L31: 102.7 | M31: 108.7 | N31: 111.2 | O31: 115.4 | P31: 120.2 | Q31: 112.5 | R31: 113.2 | S31: 111.2 | T31: 112.8 | U31: 110.5 | V31: 110.9 | W31: 110.3 | X31: 108.6 | Y31: 109.5 | Z31: 108.1 | AA31: 110.8 | AB31: 107.4 | AC31: 109.2 | AD31: 114.8 | AE31: =COUNTIFS($A$2:$A$379,A31,$B$2:$B$379,B32,$C$2:$C$379,C31) -> 1
A32: Rural | B32: 2013 | C32: November | D32: 117.3 | E32: 114.9 | F32: 116.2 | G32: 112.8 | H32: 108.9 | I32: 116.6 | J32: 178.1 | K32: 109.1 | L32: 103.6 | M32: 109 | N32: 111.8 | O32: 116 | P32: 122.5 | Q32: 112.8 | R32: 114.6 | S32: 113.1 | T32: 114.4 | U32: NA | V32: 112.6 | W32: 111.3 | X32: 109.7 | Y32: 109.6 | Z32: 108.7 | AA32: 111 | AB32: 108.2 | AC32: 109.8 | AD32: 117.4 | AE32: =COUNTIFS($A$2:$A$379,A32,$B$2:$B$379,B33,$C$2:$C$379,C32) -> 1
A33: Urban | B33: 2013 | C33: November | D33: 119.8 | E33: 116.3 | F33: 122.6 | G33: 112 | H33: 103.2 | I33: 110 | J33: 192.8 | K33: 106.3 | L33: 99.5 | M33: 110.3 | N33: 111.8 | O33: 117.1 | P33: 122.9 | Q33: 114.1 | R33: 113.5 | S33: 110.3 | T33: 113 | U33: 111.1 | V33: 110 | W33: 110.9 | X33: 108.6 | Y33: 109.5 | Z33: 108.5 | AA33: 111.3 | AB33: 107.9 | AC33: 109.6 | AD33: 115 | AE33: =COUNTIFS($A$2:$A$379,A33,$B$2:$B$379,B34,$C$2:$C$379,C33) -> 1
A34: Rural+Urban | B34: 2013 | C34: November | D34: 118.1 | E34: 115.4 | F34: 118.7 | G34: 112.5 | H34: 106.8 | I34: 113.5 | J34: 183.1 | K34: 108.2 | L34: 102.2 | M34: 109.4 | N34: 111.8 | O34: 116.5 | P34: 122.6 | Q34: 113.1 | R34: 114.2 | S34: 111.9 | T34: 113.8 | U34: 111.1 | V34: 111.6 | W34: 111.1 | X34: 109.3 | Y34: 109.5 | Z34: 108.6 | AA34: 111.2 | AB34: 108.1 | AC34: 109.7 | AD34: 116.3 | AE34: =COUNTIFS($A$2:$A$379,A34,$B$2:$B$379,B35,$C$2:$C$379,C34) -> 1
A35: Rural | B35: 2013 | C35: December | D35: 118.4 | E35: 115.9 | F35: 120.4 | G35: 113.8 | H35: 109.5 | I35: 115.5 | J35: 145.7 | K35: 109.5 | L35: 102.9 | M35: 109.8 | N35: 112.1 | O35: 116.8 | P35: 118.7 | Q35: 113.6 | R35: 115.8 | S35: 114 | T35: 115.5 | U35: NA | V35: 112.8 | W35: 112.1 | X35: 110.1 | Y35: 109.9 | Z35: 109.2 | AA35: 111.6 | AB35: 108.1 | AC35: 110.1 | AD35: 115.5 | AE35: =COUNTIFS($A$2:$A$379,A35,$B$2:$B$379,B36,$C$2:$C$379,C35) -> 1
A36: Urban | B36: 2013 | C36: December | D36: 120.5 | E36: 118.1 | F36: 128.5 | G36: 112.8 | H36: 103.4 | I36: 110.7 | J36: 144.8 | K36: 107.1 | L36: 98.6 | M36: 111.9 | N36: 112.1 | O36: 118.1 | P36: 117.8 | Q36: 115 | R36: 114.2 | S36: 110.9 | T36: 113.7 | U36: 110.7 | V36: 110.4 | W36: 111.3 | X36: 109 | Y36: 109.7 | Z36: 108.9 | AA36: 111.4 | AB36: 107.7 | AC36: 109.8 | AD36: 113.3 | AE36: =COUNTIFS($A$2:$A$379,A36,$B$2:$B$379,B37,$C$2:$C$379,C36) -> 1
A37: Rural+Urban | B37: 2013 | C37: December | D37: 119.1 | E37: 116.7 | F37: 123.5 | G37: 113.4 | H37: 107.3 | I37: 113.3 | J37: 145.4 | K37: 108.7 | L37: 101.5 | M37: 110.5 | N37: 112.1 | O37: 117.4 | P37: 118.4 | Q37: 114 | R37: 115.2 | S37: 112.7 | T37: 114.8 | U37: 110.7 | V37: 111.9 | W37: 111.7 | X37: 109.7 | Y37: 109.8 | Z37: 109 | AA37: 111.5 | AB37: 107.9 | AC37: 110 | AD37: 114.5 | AE37: =COUNTIFS($A$2:$A$379,A37,$B$2:$B$379,B38,$C$2:$C$379,C37) -> 1
A38: Rural | B38: 2014 | C38: January | D38: 118.9 | E38: 117.1 | F38: 120.5 | G38: 114.4 | H38: 109 | I38: 115.5 | J38: 123.9 | K38: 109.6 | L38: 101.8 | M38: 110.2 | N38: 112.4 | O38: 117.3 | P38: 116 | Q38: 114 | R38: 116.5 | S38: 114.5 | T38: 116.2 | U38: NA | V38: 113 | W38: 112.6 | X38: 110.6 | Y38: 110.5 | Z38: 109.6 | AA38: 111.8 | AB38: 108.3 | AC38: 110.6 | AD38: 114.2 | AE38: =COUNTIFS($A$2:$A$379,A38,$B$2:$B$379,B39,$C$2:$C$379,C38) -> 1
A39: Urban | B39: 2014 | C39: January | D39: 121.2 | E39: 122 | F39: 129.9 | G39: 113.6 | H39: 102.9 | I39: 112.1 | J39: 118.9 | K39: 107.5 | L39: 96.9 | M39: 112.7 | N39: 112.1 | O39: 119 | P39: 115.5 | Q39: 115.7 | R39: 114.8 | S39: 111.3 | T39: 114.3 | U39: 111.6 | V39: 111 | W39: 111.9 | X39: 109.7 | Y39: 110.8 | Z39: 109.8 | AA39: 111.5 | AB39: 108 | AC39: 110.5 | AD39: 112.9 | AE39: =COUNTIFS($A$2:$A$379,A39,$B$2:$B$379,B40,$C$2:$C$379,C39) -> 1
A40: Rural+Urban | B40: 2014 | C40: January | D40: 119.6 | E40: 118.8 | F40: 124.1 | G40: 114.1 | H40: 106.8 | I40: 113.9 | J40: 122.2 | K40: 108.9 | L40: 100.2 | M40: 111 | N40: 112.3 | O40: 118.1 | P40: 115.8 | Q40: 114.5 | R40: 115.8 | S40: 113.2 | T40: 115.4 | U40: 111.6 | V40: 112.2 | W40: 112.3 | X40: 110.3 | Y40: 110.7 | Z40: 109.7 | AA40: 111.6 | AB40: 108.2 | AC40: 110.6 | AD40: 113.6 | AE40: =COUNTIFS($A$2:$A$379,A40,$B$2:$B$379,B41,$C$2:$C$379,C40) -> 1
A41: Rural | B41: 2014 | C41: February | D41: 119.4 | E41: 117.7 | F41: 121.2 | G41: 115 | H41: 109 | I41: 116.6 | J41: 116 | K41: 109.8 | L41: 101.1 | M41: 110.4 | N41: 112.9 | O41: 117.8 | P41: 115.3 | Q41: 114.2 | R41: 117.1 | S41: 114.5 | T41: 116.7 | U41: NA | V41: 113.2 | W41: 112.9 | X41: 110.9 | Y41: 110.8 | Z41: 109.9 | AA41: 112 | AB41: 108.7 | AC41: 110.9 | AD41: 114 | AE41: =COUNTIFS($A$2:$A$379,A41,$B$2:$B$379,B42,$C$2:$C$379,C41) -> 1
A42: Urban | B42: 2014 | C42: February | D42: 121.9 | E42: 122 | F42: 124.5 | G42: 115.2 | H42: 102.5 | I42: 114.1 | J42: 111.5 | K42: 108.2 | L42: 95.4 | M42: 113.5 | N42: 112.1 | O42: 119.9 | P42: 115.2 | Q42: 116.2 | R42: 115.3 | S42: 111.7 | T42: 114.7 | U42: 112.5 | V42: 111.1 | W42: 112.6 | X42: 110.4 | Y42: 111.3 | Z42: 110.3 | AA42: 111.6 | AB42: 108.7 | AC42: 111 | AD42: 113.1 | AE42: =COUNTIFS($A$2:$A$379,A42,$B$2:$B$379,B43,$C$2:$C$379,C42) -> 1
A43: Rural+Urban | B43: 2014 | C43: February | D43: 120.2 | E43: 119.2 | F43: 122.5 | G43: 115.1 | H43: 106.6 | I43: 115.4 | J43: 114.5 | K43: 109.3 | L43: 99.2 | M43: 111.4 | N43: 112.6 | O43: 118.8 | P43: 115.3 | Q43: 114.7 | R43: 116.4 | S43: 113.3 | T43: 115.9 | U43: 112.5 | V43: 112.4 | W43: 112.8 | X43: 110.7 | Y43: 111.1 | Z43: 110.1 | AA43: 111.8 | AB43: 108.7 | AC43: 110.9 | AD43: 113.6 | AE43: =COUNTIFS($A$2:$A$379,A43,$B$2:$B$379,B44,$C$2:$C$379,C43) -> 1
A44: Rural | B44: 2014 | C44: March | D44: 120.1 | E44: 118.1 | F44: 120.7 | G44: 116.1 | H44: 109.3 | I44: 119.6 | J44: 117.9 | K44: 110.2 | L44: 101.2 | M44: 110.7 | N44: 113 | O44: 118.3 | P44: 116.2 | Q44: 114.6 | R44: 117.5 | S44: 114.9 | T44: 117.2 | U44: NA | V44: 113.4 | W44: 113.4 | X44: 111.4 | Y44: 111.2 | Z44: 110.2 | AA44: 112.4 | AB44: 108.9 | AC44: 111.3 | AD44: 114.6 | AE44: =COUNTIFS($A$2:$A$379,A44,$B$2:$B$379,B45,$C$2:$C$379,C44) -> 1
A45: Urban | B45: 2014 | C45: March | D45: 122.1 | E45: 121.4 | F45: 121.5 | G45: 116.2 | H45: 102.8 | I45: 117.7 | J45: 113.3 | K45: 108.9 | L45: 96.3 | M45: 114.1 | N45: 112.2 | O45: 120.5 | P45: 116 | Q45: 116.7 | R45: 115.8 | S45: 112.1 | T45: 115.2 | U45: 113.2 | V45: 110.9 | W45: 113 | X45: 110.8 | Y45: 111.6 | Z45: 110.9 | AA45: 111.8 | AB45: 109.2 | AC45: 111.4 | AD45: 113.7 | AE45: =COUNTIFS($A$2:$A$379,A45,$B$2:$B$379,B46,$C$2:$C$379,C45) -> 1
A46: Rural+Urban | B46: 2014 | C46: March | D46: 120.7 | E46: 119.3 | F46: 121 | G46: 116.1 | H46: 106.9 | I46: 118.7 | J46: 116.3 | K46: 109.8 | L46: 99.6 | M46: 111.8 | N46: 112.7 | O46: 119.3 | P46: 116.1 | Q46: 115.2 | R46: 116.8 | S46: 113.7 | T46: 116.4 | U46: 113.2 | V46: 112.5 | W46: 113.2 | X46: 111.2 | Y46: 111.4 | Z46: 110.6 | AA46: 112 | AB46: 109 | AC46: 111.3 | AD46: 114.2 | AE46: =COUNTIFS($A$2:$A$379,A46,$B$2:$B$379,B47,$C$2:$C$379,C46) -> 1
A47: Rural | B47: 2014 | C47: April | D47: 120.2 | E47: 118.9 | F47: 118.1 | G47: 117 | H47: 109.7 | I47: 125.5 | J47: 120.5 | K47: 111 | L47: 102.6 | M47: 111.2 | N47: 113.5 | O47: 118.7 | P47: 117.2 | Q47: 115.4 | R47: 118.1 | S47: 116.1 | T47: 117.8 | U47: NA | V47: 113.4 | W47: 113.7 | X47: 111.8 | Y47: 111.2 | Z47: 110.5 | AA47: 113 | AB47: 108.9 | AC47: 111.5 | AD47: 115.4 | AE47: =COUNTIFS($A$2:$A$379,A47,$B$2:$B$379,B48,$C$2:$C$379,C47) -> 1
A48: Urban | B48: 2014 | C48: April | D48: 122.5 | E48: 121.7 | F48: 113.3 | G48: 117 | H48: 103.1 | I48: 126.7 | J48: 121.2 | K48: 111 | L48: 100.3 | M48: 115.3 | N48: 112.7 | O48: 121 | P48: 118.2 | Q48: 117.6 | R48: 116.3 | S48: 112.5 | T48: 115.7 | U48: 113.9 | V48: 110.9 | W48: 113.4 | X48: 111 | Y48: 111.2 | Z48: 111.2 | AA48: 112.5 | AB48: 109.1 | AC48: 111.4 | AD48: 114.7 | AE48: =COUNTIFS($A$2:$A$379,A48,$B$2:$B$379,B49,$C$2:$C$379,C48) -> 1
A49: Rural+Urban | B49: 2014 | C49: April | D49: 120.9 | E49: 119.9 | F49: 116.2 | G49: 117 | H49: 107.3 | I49: 126.1 | J49: 120.7 | K49: 111 | L49: 101.8 | M49: 112.6 | N49: 113.2 | O49: 119.8 | P49: 117.6 | Q49: 116 | R49: 117.4 | S49: 114.6 | T49: 117 | U49: 113.9 | V49: 112.5 | W49: 113.6 | X49: 111.5 | Y49: 111.2 | Z49: 110.9 | AA49: 112.7 | AB49: 109 | AC49: 111.5 | AD49: 115.1 | AE49: =COUNTIFS($A$2:$A$379,A49,$B$2:$B$379,B50,$C$2:$C$379,C49) -> 1
A50: Rural | B50: 2014 | C50: May | D50: 120.3 | E50: 120.2 | F50: 116.9 | G50: 118 | H50: 110.1 | I50: 126.3 | J50: 123.9 | K50: 111.5 | L50: 103.5 | M50: 111.6 | N50: 114.2 | O50: 119.2 | P50: 118.2 | Q50: 116.3 | R50: 118.7 | S50: 116.8 | T50: 118.5 | U50: NA | V50: 113.4 | W50: 114.1 | X50: 112.1 | Y50: 111.4 | Z50: 110.9 | AA50: 113.1 | AB50: 108.9 | AC50: 111.8 | AD50: 116 | AE50: =COUNTIFS($A$2:$A$379,A50,$B$2:$B$379,B51,$C$2:$C$379,C50) -> 1
A51: Urban | B51: 2014 | C51: May | D51: 122.7 | E51: 124.1 | F51: 114.2 | G51: 119.1 | H51: 103.5 | I51: 129.2 | J51: 127 | K51: 112.6 | L51: 101.3 | M51: 117 | N51: 112.9 | O51: 121.7 | P51: 120 | Q51: 118.3 | R51: 116.8 | S51: 112.9 | T51: 116.2 | U51: 114.3 | V51: 111.1 | W51: 114.1 | X51: 111.2 | Y51: 111.3 | Z51: 111.5 | AA51: 112.9 | AB51: 109.3 | AC51: 111.7 | AD51: 115.6 | AE51: =COUNTIFS($A$2:$A$379,A51,$B$2:$B$379,B52,$C$2:$C$379,C51) -> 1
A52: Rural+Urban | B52: 2014 | C52: May | D52: 121.1 | E52: 121.6 | F52: 115.9 | G52: 118.4 | H52: 107.7 | I52: 127.7 | J52: 125 | K52: 111.9 | L52: 102.8 | M52: 113.4 | N52: 113.7 | O52: 120.4 | P52: 118.9 | Q52: 116.8 | R52: 118 | S52: 115.2 | T52: 117.6 | U52: 114.3 | V52: 112.5 | W52: 114.1 | X52: 111.8 | Y52: 111.3 | Z52: 111.2 | AA52: 113 | AB52: 109.1 | AC52: 111.8 | AD52: 115.8 | AE52: =COUNTIFS($A$2:$A$379,A52,$B$2:$B$379,B53,$C$2:$C$379,C52) -> 1
A53: Rural | B53: 2014 | C53: June | D53: 120.7 | E53: 121.6 | F53: 116.1 | G53: 119.3 | H53: 110.3 | I53: 125.8 | J53: 129.3 | K53: 112.2 | L53: 103.6 | M53: 112.3 | N53: 114.9 | O53: 120.1 | P53: 119.5 | Q53: 117.3 | R53: 119.7 | S53: 117.3 | T53: 119.3 | U53: NA | V53: 114.4 | W53: 114.9 | X53: 112.8 | Y53: 112.2 | Z53: 111.4 | AA53: 114.3 | AB53: 108 | AC53: 112.3 | AD53: 117 | AE53: =COUNTIFS($A$2:$A$379,A53,$B$2:$B$379,B54,$C$2:$C$379,C53) -> 1
A54: Urban | B54: 2014 | C54: June | D54: 123.1 | E54: 125.9 | F54: 115.4 | G54: 120.4 | H54: 103.4 | I54: 131.2 | J54: 137.5 | K54: 112.8 | L54: 101.4 | M54: 118.3 | N54: 113.2 | O54: 122.4 | P54: 122 | Q54: 119 | R54: 117.4 | S54: 113.2 | T54: 116.7 | U54: 113.9 | V54: 111.2 | W54: 114.3 | X54: 111.4 | Y54: 111.5 | Z54: 111.8 | AA54: 115.1 | AB54: 108.7 | AC54: 112.2 | AD54: 116.4 | AE54: =COUNTIFS($A$2:$A$379,A54,$B$2:$B$379,B55,$C$2:$C$379,C54) -> 1
A55: Rural+Urban | B55: 2014 | C55: June | D55: 121.5 | E55: 123.1 | F55: 115.8 | G55: 119.7 | H55: 107.8 | I55: 128.3 | J55: 132.1 | K55: 112.4 | L55: 102.9 | M55: 114.3 | N55: 114.2 | O55: 121.2 | P55: 120.4 | Q55: 117.8 | R55: 118.8 | S55: 115.6 | T55: 118.3 | U55: 113.9 | V55: 113.2 | W55: 114.6 | X55: 112.3 | Y55: 111.8 | Z55: 111.6 | AA55: 114.8 | AB55: 108.3 | AC55: 112.3 | AD55: 116.7 | AE55: =COUNTIFS($A$2:$A$379,A55,$B$2:$B$379,B56,$C$2:$C$379,C55) -> 1
A56: Rural | B56: 2014 | C56: July | D56: 121.7 | E56: 122.5 | F56: 117.7 | G56: 120.6 | H56: 110.4 | I56: 129.1 | J56: 150.1 | K56: 113.2 | L56: 104.8 | M56: 113.3 | N56: 115.6 | O56: 120.9 | P56: 123.3 | Q56: 118 | R56: 120.7 | S56: 118.3 | T56: 120.3 | U56: NA | V56: 115.3 | W56: 115.4 | X56: 113.4 | Y56: 113.2 | Z56: 111.8 | AA56: 115.5 | AB56: 108.8 | AC56: 113.1 | AD56: 119.5 | AE56: =COUNTIFS($A$2:$A$379,A56,$B$2:$B$379,B57,$C$2:$C$379,C56) -> 1
A57: Urban | B57: 2014 | C57: July | D57: 123.8 | E57: 126.4 | F57: 118 | G57: 121.6 | H57: 103.5 | I57: 133.7 | J57: 172.4 | K57: 113.1 | L57: 102.7 | M57: 120 | N57: 113.8 | O57: 123.4 | P57: 127.1 | Q57: 121 | R57: 118 | S57: 113.6 | T57: 117.4 | U57: 114.8 | V57: 111.6 | W57: 114.9 | X57: 111.5 | Y57: 113 | Z57: 112.4 | AA57: 117.8 | AB57: 109.7 | AC57: 113.5 | AD57: 118.9 | AE57: =COUNTIFS($A$2:$A$379,A57,$B$2:$B$379,B58,$C$2:$C$379,C57) -> 1
A58: Rural+Urban | B58: 2014 | C58: July | D58: 122.4 | E58: 123.9 | F58: 117.8 | G58: 121 | H58: 107.9 | I58: 131.2 | J58: 157.7 | K58: 113.2 | L58: 104.1 | M58: 115.5 | N58: 114.8 | O58: 122.1 | P58: 124.7 | Q58: 118.8 | R58: 119.6 | S58: 116.3 | T58: 119.1 | U58: 114.8 | V58: 113.9 | W58: 115.2 | X58: 112.7 | Y58: 113.1 | Z58: 112.1 | AA58: 116.8 | AB58: 109.2 | AC58: 113.3 | AD58: 119.2 | AE58: =COUNTIFS($A$2:$A$379,A58,$B$2:$B$379,B59,$C$2:$C$379,C58) -> 1
A59: Rural | B59: 2014 | C59: August | D59: 121.8 | E59: 122.8 | F59: 117.8 | G59: 121.9 | H59: 110.6 | I59: 129.7 | J59: 161.1 | K59: 114.1 | L59: 105.1 | M59: 114.6 | N59: 115.8 | O59: 121.7 | P59: 125.3 | Q59: 118.8 | R59: 120.9 | S59: 118.8 | T59: 120.7 | U59: NA | V59: 115.4 | W59: 115.9 | X59: 114 | Y59: 113.2 | Z59: 112.2 | AA59: 116.2 | AB59: 109.4 | AC59: 113.5 | AD59: 120.7 | AE59: =COUNTIFS($A$2:$A$379,A59,$B$2:$B$379,B60,$C$2:$C$379,C59) -> 1
A60: Urban | B60: 2014 | C60: August | D60: 124.8 | E60: 127.3 | F60: 116.5 | G60: 122.2 | H60: 103.6 | I60: 132.7 | J60: 181.9 | K60: 115.2 | L60: 102.7 | M60: 122.1 | N60: 114.4 | O60: 124.7 | P60: 128.9 | Q60: 123 | R60: 118.6 | S60: 114.1 | T60: 117.9 | U60: 115.5 | V60: 111.8 | W60: 115.3 | X60: 112.2 | Y60: 112.5 | Z60: 112.9 | AA60: 119.2 | AB60: 110.5 | AC60: 113.9 | AD60: 119.9 | AE60: =COUNTIFS($A$2:$A$379,A60,$B$2:$B$379,B61,$C$2:$C$379,C60) -> 1
A61: Rural+Urban | B61: 2014 | C61: August | D61: 122.7 | E61: 124.4 | F61: 117.3 | G61: 122 | H61: 108 | I61: 131.1 | J61: 168.2 | K61: 114.5 | L61: 104.3 | M61: 117.1 | N61: 115.2 | O61: 123.1 | P61: 126.6 | Q61: 119.9 | R61: 120 | S61: 116.8 | T61: 119.6 | U61: 115.5 | V61: 114 | W61: 115.6 | X61: 113.3 | Y61: 112.8 | Z61: 112.6 | AA61: 118 | AB61: 109.9 | AC61: 113.7 | AD61: 120.3 | AE61: =COUNTIFS($A$2:$A$379,A61,$B$2:$B$379,B62,$C$2:$C$379,C61) -> 1
A62: Rural | B62: 2014 | C62: September | D62: 122.3 | E62: 122.4 | F62: 117.8 | G62: 122.7 | H62: 110.4 | I62: 129.8 | J62: 158.8 | K62: 115 | L62: 104.7 | M62: 114.9 | N62: 116.5 | O62: 122.6 | P62: 125.3 | Q62: 119.5 | R62: 121.7 | S62: 119.2 | T62: 121.3 | U62: NA | V62: 115.8 | W62: 116.7 | X62: 114.5 | Y62: 112.8 | Z62: 112.6 | AA62: 116.6 | AB62: 109.1 | AC62: 113.7 | AD62: 120.9 | AE62: =COUNTIFS($A$2:$A$379,A62,$B$2:$B$379,B63,$C$2:$C$379,C62) -> 1
A63: Urban | B63: 2014 | C63: September | D63: 124.2 | E63: 125.4 | F63: 116.4 | G63: 122.7 | H63: 103.5 | I63: 124.5 | J63: 168.6 | K63: 116.9 | L63: 101.9 | M63: 122.9 | N63: 114.8 | O63: 125.2 | P63: 126.7 | Q63: 124.3 | R63: 119.2 | S63: 114.5 | T63: 118.4 | U63: 116.1 | V63: 111.8 | W63: 115.5 | X63: 112.3 | Y63: 111.2 | Z63: 113.4 | AA63: 120 | AB63: 110 | AC63: 113.6 | AD63: 119.2 | AE63: =COUNTIFS($A$2:$A$379,A63,$B$2:$B$379,B64,$C$2:$C$379,C63) -> 1
A64: Rural+Urban | B64: 2014 | C64: September | D64: 122.9 | E64: 123.5 | F64: 117.3 | G64: 122.7 | H64: 107.9 | I64: 127.3 | J64: 162.1 | K64: 115.6 | L64: 103.8 | M64: 117.6 | N64: 115.8 | O64: 123.8 | P64: 125.8 | Q64: 120.8 | R64: 120.7 | S64: 117.2 | T64: 120.1 | U64: 116.1 | V64: 114.3 | W64: 116.1 | X64: 113.7 | Y64: 112 | Z64: 113.1 | AA64: 118.6 | AB64: 109.5 | AC64: 113.7 | AD64: 120.1 | AE64: =COUNTIFS($A$2:$A$379,A64,$B$2:$B$379,B65,$C$2:$C$379,C64) -> 1
A65: Rural | B65: 2014 | C65: October | D65: 122.6 | E65: 122.5 | F65: 118.3 | G65: 123.2 | H65: 110.5 | I65: 128.9 | J65: 155.3 | K65: 115.5 | L65: 104 | M65: 115.3 | N65: 116.8 | O65: 123.2 | P65: 125.1 | Q65: 120 | R65: 122.7 | S65: 120.3 | T65: 122.3 | U65: NA | V65: 116.4 | W65: 117.5 | X65: 115.3 | Y65: 112.6 | Z65: 113 | AA65: 116.9 | AB65: 109.3 | AC65: 114 | AD65: 121 | AE65: =COUNTIFS($A$2:$A$379,A65,$B$2:$B$379,B66,$C$2:$C$379,C65) -> 1
A66: Urban | B66: 2014 | C66: October | D66: 124.6 | E66: 126.1 | F66: 117.8 | G66: 123.1 | H66: 103.5 | I66: 123.5 | J66: 159.6 | K66: 117.4 | L66: 101.2 | M66: 123.8 | N66: 115.2 | O66: 125.9 | P66: 125.8 | Q66: 124.3 | R66: 119.6 | S66: 114.9 | T66: 118.9 | U66: 116.7 | V66: 112 | W66: 115.8 | X66: 112.6 | Y66: 111 | Z66: 113.6 | AA66: 120.2 | AB66: 110.1 | AC66: 113.7 | AD66: 119.1 | AE66: =COUNTIFS($A$2:$A$379,A66,$B$2:$B$379,B67,$C$2:$C$379,C66) -> 1
A67: Rural+Urban | B67: 2014 | C67: October | D67: 123.2 | E67: 123.8 | F67: 118.1 | G67: 123.2 | H67: 107.9 | I67: 126.4 | J67: 156.8 | K67: 116.1 | L67: 103.1 | M67: 118.1 | N67: 116.1 | O67: 124.5 | P67: 125.4 | Q67: 121.1 | R67: 121.5 | S67: 118.1 | T67: 121 | U67: 116.7 | V67: 114.7 | W67: 116.7 | X67: 114.3 | Y67: 111.8 | Z67: 113.3 | AA67: 118.8 | AB67: 109.6 | AC67: 113.9 | AD67: 120.1 | AE67: =COUNTIFS($A$2:$A$379,A67,$B$2:$B$379,B68,$C$2:$C$379,C67) -> 1
A68: Rural | B68: 2014 | C68: November | D68: 122.7 | E68: 122.6 | F68: 119.9 | G68: 124 | H68: 110.5 | I68: 128.8 | J68: 152 | K68: 116.2 | L68: 103.3 | M68: 115.8 | N68: 116.8 | O68: 124.5 | P68: 124.9 | Q68: 120.8 | R68: 123.3 | S68: 120.5 | T68: 122.9 | U68: NA | V68: 117.3 | W68: 118.1 | X68: 115.9 | Y68: 112 | Z68: 113.3 | AA68: 117.2 | AB68: 108.8 | AC68: 114.1 | AD68: 121.1 | AE68: =COUNTIFS($A$2:$A$379,A68,$B$2:$B$379,B69,$C$2:$C$379,C68) -> 1
A69: Urban | B69: 2014 | C69: November | D69: 124.5 | E69: 125.6 | F69: 122.7 | G69: 124.6 | H69: 103.2 | I69: 122.2 | J69: 153.2 | K69: 119.3 | L69: 99.8 | M69: 124.6 | N69: 115.8 | O69: 126.9 | P69: 125.4 | Q69: 125.8 | R69: 120.3 | S69: 115.4 | T69: 119.5 | U69: 117.1 | V69: 112.6 | W69: 116.4 | X69: 113 | Y69: 109.7 | Z69: 114 | AA69: 120.3 | AB69: 109.6 | AC69: 113.4 | AD69: 119 | AE69: =COUNTIFS($A$2:$A$379,A69,$B$2:$B$379,B70,$C$2:$C$379,C69) -> 1
A70: Rural+Urban | B70: 2014 | C70: November | D70: 123.3 | E70: 123.7 | F70: 121 | G70: 124.2 | H70: 107.8 | I70: 125.7 | J70: 152.4 | K70: 117.2 | L70: 102.1 | M70: 118.7 | N70: 116.4 | O70: 125.6 | P70: 125.1 | Q70: 122.1 | R70: 122.1 | S70: 118.4 | T70: 121.6 | U70: 117.1 | V70: 115.5 | W70: 117.3 | X70: 114.8 | Y70: 110.8 | Z70: 113.7 | AA70: 119 | AB70: 109.1 | AC70: 113.8 | AD70: 120.1 | AE70: =COUNTIFS($A$2:$A$379,A70,$B$2:$B$379,B71,$C$2:$C$379,C70) -> 1
A71: Rural | B71: 2014 | C71: December | D71: 122.4 | E71: 122.4 | F71: 121.8 | G71: 124.2 | H71: 110.2 | I71: 128.6 | J71: 140.3 | K71: 116.3 | L71: 102 | M71: 116 | N71: 117.3 | O71: 124.8 | P71: 123.3 | Q71: 121.7 | R71: 123.8 | S71: 120.6 | T71: 123.3 | U71: NA | V71: 117.4 | W71: 118.2 | X71: 116.2 | Y71: 111.5 | Z71: 113.3 | AA71: 117.7 | AB71: 109.4 | AC71: 114.2 | AD71: 120.3 | AE71: =COUNTIFS($A$2:$A$379,A71,$B$2:$B$379,B72,$C$2:$C$379,C71) -> 1
A72: Urban | B72: 2014 | C72: December | D72: 124 | E72: 124.7 | F72: 126.3 | G72: 124.9 | H72: 103 | I72: 122.3 | J72: 141 | K72: 120.1 | L72: 97.8 | M72: 125.4 | N72: 116.1 | O72: 127.6 | P72: 124 | Q72: 126.4 | R72: 120.7 | S72: 115.8 | T72: 120 | U72: 116.5 | V72: 113 | W72: 116.8 | X72: 113.2 | Y72: 108.8 | Z72: 114.3 | AA72: 120.7 | AB72: 110.4 | AC72: 113.4 | AD72: 118.4 | AE72: =COUNTIFS($A$2:$A$379,A72,$B$2:$B$379,B73,$C$2:$C$379,C72) -> 1
A73: Rural+Urban | B73: 2014 | C73: December | D73: 122.9 | E73: 123.2 | F73: 123.5 | G73: 124.5 | H73: 107.6 | I73: 125.7 | J73: 140.5 | K73: 117.6 | L73: 100.6 | M73: 119.1 | N73: 116.8 | O73: 126.1 | P73: 123.6 | Q73: 123 | R73: 122.6 | S73: 118.6 | T73: 122 | U73: 116.5 | V73: 115.7 | W73: 117.5 | X73: 115.1 | Y73: 110.1 | Z73: 113.9 | AA73: 119.5 | AB73: 109.8 | AC73: 113.8 | AD73: 119.4 | AE73: =COUNTIFS($A$2:$A$379,A73,$B$2:$B$379,B74,$C$2:$C$379,C73) -> 1
A74: Rural | B74: 2015 | C74: January | D74: 123.1 | E74: 123.1 | F74: 122.1 | G74: 124.9 | H74: 111 | I74: 130.4 | J74: 132.3 | K74: 117.2 | L74: 100.5 | M74: 117.2 | N74: 117.9 | O74: 125.6 | P74: 122.8 | Q74: 122.7 | R74: 124.4 | S74: 121.6 | T74: 124 | U74: NA | V74: 118.4 | W74: 118.9 | X74: 116.6 | Y74: 111 | Z74: 114 | AA74: 118.2 | AB74: 110.2 | AC74: 114.5 | AD74: 120.3 | AE74: =COUNTIFS($A$2:$A$379,A74,$B$2:$B$379,B75,$C$2:$C$379,C74) -> 1
A75: Urban | B75: 2015 | C75: January | D75: 124 | E75: 125.5 | F75: 126.6 | G75: 125.2 | H75: 104.3 | I75: 121.3 | J75: 134.4 | K75: 122.9 | L75: 96.1 | M75: 126.6 | N75: 116.5 | O75: 128 | P75: 123.5 | Q75: 127.4 | R75: 121 | S75: 116.1 | T75: 120.2 | U75: 117.3 | V75: 113.4 | W75: 117.2 | X75: 113.7 | Y75: 107.9 | Z75: 114.6 | AA75: 120.8 | AB75: 111.4 | AC75: 113.4 | AD75: 118.5 | AE75: =COUNTIFS($A$2:$A$379,A75,$B$2:$B$379,B76,$C$2:$C$379,C75) -> 1
A76: Rural+Urban | B76: 2015 | C76: January | D76: 123.4 | E76: 123.9 | F76: 123.8 | G76: 125 | H76: 108.5 | I76: 126.2 | J76: 133 | K76: 119.1 | L76: 99 | M76: 120.3 | N76: 117.3 | O76: 126.7 | P76: 123.1 | Q76: 124 | R76: 123.1 | S76: 119.3 | T76: 122.5 | U76: 117.3 | V76: 116.5 | W76: 118.1 | X76: 115.5 | Y76: 109.4 | Z76: 114.3 | AA76: 119.7 | AB76: 110.7 | AC76: 114 | AD76: 119.5 | AE76: =COUNTIFS($A$2:$A$379,A76,$B$2:$B$379,B77,$C$2:$C$379,C76) -> 1
A77: Rural | B77: 2015 | C77: February | D77: 123.4 | E77: 124.4 | F77: 122.1 | G77: 125.8 | H77: 111.5 | I77: 129.4 | J77: 128.2 | K77: 118.8 | L77: 100 | M77: 118.6 | N77: 118.8 | O77: 126.8 | P77: 122.8 | Q77: 124.2 | R77: 125.4 | S77: 122.7 | T77: 125 | U77: NA | V77: 120 | W77: 119.6 | X77: 117.7 | Y77: 110.9 | Z77: 114.8 | AA77: 118.7 | AB77: 110.8 | AC77: 115 | AD77: 120.6 | AE77: =COUNTIFS($A$2:$A$379,A77,$B$2:$B$379,B78,$C$2:$C$379,C77) -> 1
A78: Urban | B78: 2015 | C78: February | D78: 124.3 | E78: 126.5 | F78: 119.5 | G78: 125.6 | H78: 104.9 | I78: 121.6 | J78: 131.8 | K78: 125.1 | L78: 95 | M78: 127.7 | N78: 116.8 | O78: 128.6 | P78: 123.7 | Q78: 128.1 | R78: 121.3 | S78: 116.5 | T78: 120.6 | U78: 118.1 | V78: 114 | W78: 117.7 | X78: 114.1 | Y78: 106.8 | Z78: 114.9 | AA78: 120.4 | AB78: 111.7 | AC78: 113.2 | AD78: 118.7 | AE78: =COUNTIFS($A$2:$A$379,A78,$B$2:$B$379,B79,$C$2:$C$379,C78) -> 1
A79: Rural+Urban | B79: 2015 | C79: February | D79: 123.7 | E79: 125.1 | F79: 121.1 | G79: 125.7 | H79: 109.1 | I79: 125.8 | J79: 129.4 | K79: 120.9 | L79: 98.3 | M79: 121.6 | N79: 118 | O79: 127.6 | P79: 123.1 | Q79: 125.2 | R79: 123.8 | S79: 120.1 | T79: 123.3 | U79: 118.1 | V79: 117.7 | W79: 118.7 | X79: 116.3 | Y79: 108.7 | Z79: 114.9 | AA79: 119.7 | AB79: 111.2 | AC79: 114.1 | AD79: 119.7 | AE79: =COUNTIFS($A$2:$A$379,A79,$B$2:$B$379,B80,$C$2:$C$379,C79) -> 1
A80: Rural | B80: 2015 | C80: March | D80: 123.3 | E80: 124.7 | F80: 118.9 | G80: 126 | H80: 111.8 | I80: 130.9 | J80: 128 | K80: 119.9 | L80: 98.9 | M80: 119.4 | N80: 118.9 | O80: 127.7 | P80: 123.1 | Q80: 124.7 | R80: 126 | S80: 122.9 | T80: 125.5 | U80: NA | V80: 120.6 | W80: 120.2 | X80: 118.2 | Y80: 111.6 | Z80: 115.5 | AA80: 119.4 | AB80: 110.8 | AC80: 115.5 | AD80: 121.1 | AE80: =COUNTIFS($A$2:$A$379,A80,$B$2:$B$379,B81,$C$2:$C$379,C80) -> 1
A81: Urban | B81: 2015 | C81: March | D81: 124 | E81: 126.7 | F81: 113.5 | G81: 125.9 | H81: 104.8 | I81: 123.8 | J81: 131.4 | K81: 127.2 | L81: 93.2 | M81: 127.4 | N81: 117 | O81: 129.2 | P81: 123.9 | Q81: 128.8 | R81: 121.7 | S81: 116.9 | T81: 120.9 | U81: 118.6 | V81: 114.4 | W81: 118 | X81: 114.3 | Y81: 108.4 | Z81: 115.4 | AA81: 120.6 | AB81: 111.3 | AC81: 113.8 | AD81: 119.1 | AE81: =COUNTIFS($A$2:$A$379,A81,$B$2:$B$379,B82,$C$2:$C$379,C81) -> 1
A82: Rural+Urban | B82: 2015 | C82: March | D82: 123.5 | E82: 125.4 | F82: 116.8 | G82: 126 | H82: 109.2 | I82: 127.6 | J82: 129.2 | K82: 122.4 | L82: 97 | M82: 122.1 | N82: 118.1 | O82: 128.4 | P82: 123.4 | Q82: 125.8 | R82: 124.3 | S82: 120.4 | T82: 123.7 | U82: 118.6 | V82: 118.3 | W82: 119.2 | X82: 116.7 | Y82: 109.9 | Z82: 115.4 | AA82: 120.1 | AB82: 111 | AC82: 114.7 | AD82: 120.2 | AE82: =COUNTIFS($A$2:$A$379,A82,$B$2:$B$379,B83,$C$2:$C$379,C82) -> 1
A83: Rural | B83: 2015 | C83: April | D83: 123.3 | E83: 125.5 | F83: 117.2 | G83: 126.8 | H83: 111.9 | I83: 134.2 | J83: 127.5 | K83: 121.5 | L83: 97.8 | M83: 119.8 | N83: 119.4 | O83: 128.7 | P83: 123.6 | Q83: 125.7 | R83: 126.4 | S83: 123.3 | T83: 126 | U83: NA | V83: 121.2 | W83: 120.9 | X83: 118.6 | Y83: 111.9 | Z83: 116.2 | AA83: 119.9 | AB83: 111.6 | AC83: 116 | AD83: 121.5 | AE83: =COUNTIFS($A$2:$A$379,A83,$B$2:$B$379,B84,$C$2:$C$379,C83) -> 1
A84: Urban | B84: 2015 | C84: April | D84: 123.8 | E84: 128.2 | F84: 110 | G84: 126.3 | H84: 104.5 | I84: 130.6 | J84: 130.8 | K84: 131.3 | L84: 91.6 | M84: 127.7 | N84: 117.2 | O84: 129.5 | P84: 124.6 | Q84: 130.1 | R84: 122.1 | S84: 117.2 | T84: 121.3 | U84: 119.2 | V84: 114.7 | W84: 118.4 | X84: 114.6 | Y84: 108.4 | Z84: 115.6 | AA84: 121.7 | AB84: 111.8 | AC84: 114.2 | AD84: 119.7 | AE84: =COUNTIFS($A$2:$A$379,A84,$B$2:$B$379,B85,$C$2:$C$379,C84) -> 1
A85: Rural+Urban | B85: 2015 | C85: April | D85: 123.5 | E85: 126.4 | F85: 114.4 | G85: 126.6 | H85: 109.2 | I85: 132.5 | J85: 128.6 | K85: 124.8 | L85: 95.7 | M85: 122.4 | N85: 118.5 | O85: 129.1 | P85: 124 | Q85: 126.9 | R85: 124.7 | S85: 120.8 | T85: 124.1 | U85: 119.2 | V85: 118.7 | W85: 119.7 | X85: 117.1 | Y85: 110.1 | Z85: 115.9 | AA85: 121 | AB85: 111.7 | AC85: 115.1 | AD85: 120.7 | AE85: =COUNTIFS($A$2:$A$379,A85,$B$2:$B$379,B86,$C$2:$C$379,C85) -> 1
A86: Rural | B86: 2015 | C86: May | D86: 123.5 | E86: 127.1 | F86: 117.3 | G86: 127.7 | H86: 112.5 | I86: 134.1 | J86: 128.5 | K86: 124.3 | L86: 97.6 | M86: 120.7 | N86: 120.2 | O86: 129.8 | P86: 124.4 | Q86: 126.7 | R86: 127.3 | S86: 124.1 | T86: 126.8 | U86: NA | V86: 121.9 | W86: 121.5 | X86: 119.4 | Y86: 113.3 | Z86: 116.7 | AA86: 120.5 | AB86: 112.3 | AC86: 116.9 | AD86: 122.4 | AE86: =COUNTIFS($A$2:$A$379,A86,$B$2:$B$379,B87,$C$2:$C$379,C86) -> 1
A87: Urban | B87: 2015 | C87: May | D87: 123.8 | E87: 129.7 | F87: 111.3 | G87: 126.6 | H87: 105.2 | I87: 130.8 | J87: 135.6 | K87: 142.6 | L87: 90.8 | M87: 128.8 | N87: 117.7 | O87: 129.9 | P87: 126.1 | Q87: 131.3 | R87: 122.4 | S87: 117.4 | T87: 121.6 | U87: 119.6 | V87: 114.9 | W87: 118.7 | X87: 114.9 | Y87: 110.8 | Z87: 116 | AA87: 122 | AB87: 112.4 | AC87: 115.2 | AD87: 120.7 | AE87: =COUNTIFS($A$2:$A$379,A87,$B$2:$B$379,B88,$C$2:$C$379,C87) -> 1
A88: Rural+Urban | B88: 2015 | C88: May | D88: 123.6 | E88: 128 | F88: 115 | G88: 127.3 | H88: 109.8 | I88: 132.6 | J88: 130.9 | K88: 130.5 | L88: 95.3 | M88: 123.4 | N88: 119.2 | O88: 129.8 | P88: 125 | Q88: 127.9 | R88: 125.4 | S88: 121.3 | T88: 124.7 | U88: 119.6 | V88: 119.2 | W88: 120.2 | X88: 117.7 | Y88: 112 | Z88: 116.3 | AA88: 121.4 | AB88: 112.3 | AC88: 116.1 | AD88: 121.6 | AE88: =COUNTIFS($A$2:$A$379,A88,$B$2:$B$379,B89,$C$2:$C$379,C88) -> 1
A89: Rural | B89: 2015 | C89: June | D89: 124.1 | E89: 130.4 | F89: 122.1 | G89: 128.7 | H89: 114.1 | I89: 133.2 | J89: 135.2 | K89: 131.9 | L89: 96.3 | M89: 123 | N89: 121.1 | O89: 131.2 | P89: 126.6 | Q89: 128.2 | R89: 128.4 | S89: 125.1 | T89: 128 | U89: NA | V89: 122.6 | W89: 122.8 | X89: 120.4 | Y89: 114.2 | Z89: 117.9 | AA89: 122 | AB89: 113 | AC89: 117.9 | AD89: 124.1 | AE89: =COUNTIFS($A$2:$A$379,A89,$B$2:$B$379,B90,$C$2:$C$379,C89) -> 1
A90: Urban | B90: 2015 | C90: June | D90: 123.6 | E90: 134.4 | F90: 120.9 | G90: 127.3 | H90: 106 | I90: 132.3 | J90: 146.7 | K90: 148.1 | L90: 89.8 | M90: 130.5 | N90: 118 | O90: 130.5 | P90: 128.5 | Q90: 132.1 | R90: 123.2 | S90: 117.6 | T90: 122.3 | U90: 119 | V90: 115.1 | W90: 119.2 | X90: 115.4 | Y90: 111.7 | Z90: 116.2 | AA90: 123.8 | AB90: 112.5 | AC90: 116 | AD90: 121.7 | AE90: =COUNTIFS($A$2:$A$379,A90,$B$2:$B$379,B91,$C$2:$C$379,C90) -> 1
A91: Rural+Urban | B91: 2015 | C91: June | D91: 123.9 | E91: 131.8 | F91: 121.6 | G91: 128.2 | H91: 111.1 | I91: 132.8 | J91: 139.1 | K91: 137.4 | L91: 94.1 | M91: 125.5 | N91: 119.8 | O91: 130.9 | P91: 127.3 | Q91: 129.2 | R91: 126.4 | S91: 122 | T91: 125.7 | U91: 119 | V91: 119.8 | W91: 121.1 | X91: 118.5 | Y91: 112.9 | Z91: 116.9 | AA91: 123.1 | AB91: 112.8 | AC91: 117 | AD91: 123 | AE91: =COUNTIFS($A$2:$A$379,A91,$B$2:$B$379,B92,$C$2:$C$379,C91) -> 1
A92: Rural | B92: 2015 | C92: July | D92: 124 | E92: 131.5 | F92: 122 | G92: 128.7 | H92: 113.5 | I92: 133.3 | J92: 140.8 | K92: 133.8 | L92: 94.1 | M92: 123.4 | N92: 121 | O92: 131.7 | P92: 127.5 | Q92: 129.4 | R92: 128.8 | S92: 125.5 | T92: 128.3 | U92: NA | V92: 123 | W92: 123 | X92: 120.8 | Y92: 114.1 | Z92: 118 | AA92: 122.9 | AB92: 112.7 | AC92: 118.1 | AD92: 124.7 | AE92: =COUNTIFS($A$2:$A$379,A92,$B$2:$B$379,B93,$C$2:$C$379,C92) -> 1
A93: Urban | B93: 2015 | C93: July | D93: 123.2 | E93: 134.3 | F93: 119.5 | G93: 127.7 | H93: 106.3 | I93: 132.8 | J93: 153.5 | K93: 149.5 | L93: 85.7 | M93: 131.5 | N93: 118.3 | O93: 131.1 | P93: 129.5 | Q93: 133.1 | R93: 123.5 | S93: 117.9 | T93: 122.7 | U93: 119.9 | V93: 115.3 | W93: 119.5 | X93: 116 | Y93: 111.5 | Z93: 116.6 | AA93: 125.4 | AB93: 111.7 | AC93: 116.3 | AD93: 122.4 | AE93: =COUNTIFS($A$2:$A$379,A93,$B$2:$B$379,B94,$C$2:$C$379,C93) -> 1
A94: Rural+Urban | B94: 2015 | C94: July | D94: 123.7 | E94: 132.5 | F94: 121 | G94: 128.3 | H94: 110.9 | I94: 133.1 | J94: 145.1 | K94: 139.1 | L94: 91.3 | M94: 126.1 | N94: 119.9 | O94: 131.4 | P94: 128.2 | Q94: 130.4 | R94: 126.7 | S94: 122.3 | T94: 126.1 | U94: 119.9 | V94: 120.1 | W94: 121.3 | X94: 119 | Y94: 112.7 | Z94: 117.2 | AA94: 124.4 | AB94: 112.3 | AC94: 117.2 | AD94: 123.6 | AE94: =COUNTIFS($A$2:$A$379,A94,$B$2:$B$379,B95,$C$2:$C$379,C94) -> 1
A95: Rural | B95: 2015 | C95: August | D95: 124.7 | E95: 131.3 | F95: 121.3 | G95: 128.8 | H95: 114 | I95: 134.2 | J95: 153.6 | K95: 137.9 | L95: 93.1 | M95: 123.9 | N95: 121.5 | O95: 132.5 | P95: 129.8 | Q95: 130.1 | R95: 129.5 | S95: 126.3 | T95: 129 | U95: NA | V95: 123.8 | W95: 123.7 | X95: 121.1 | Y95: 113.6 | Z95: 118.5 | AA95: 123.6 | AB95: 112.5 | AC95: 118.2 | AD95: 126.1 | AE95: =COUNTIFS($A$2:$A$379,A95,$B$2:$B$379,B96,$C$2:$C$379,C95) -> 1
A96: Urban | B96: 2015 | C96: August | D96: 123.1 | E96: 131.7 | F96: 118.1 | G96: 128 | H96: 106.8 | I96: 130.1 | J96: 165.5 | K96: 156 | L96: 85.3 | M96: 132.7 | N96: 118.8 | O96: 131.7 | P96: 131.1 | Q96: 134.2 | R96: 123.7 | S96: 118.2 | T96: 122.9 | U96: 120.9 | V96: 115.3 | W96: 120 | X96: 116.6 | Y96: 109.9 | Z96: 117.2 | AA96: 126.2 | AB96: 112 | AC96: 116.2 | AD96: 123.2 | AE96: =COUNTIFS($A$2:$A$379,A96,$B$2:$B$379,B97,$C$2:$C$379,C96) -> 1
A97: Rural+Urban | B97: 2015 | C97: August | D97: 124.2 | E97: 131.4 | F97: 120.1 | G97: 128.5 | H97: 111.4 | I97: 132.3 | J97: 157.6 | K97: 144 | L97: 90.5 | M97: 126.8 | N97: 120.4 | O97: 132.1 | P97: 130.3 | Q97: 131.2 | R97: 127.2 | S97: 122.9 | T97: 126.6 | U97: 120.9 | V97: 120.6 | W97: 122 | X97: 119.4 | Y97: 111.7 | Z97: 117.8 | AA97: 125.1 | AB97: 112.3 | AC97: 117.2 | AD97: 124.8 | AE97: =COUNTIFS($A$2:$A$379,A97,$B$2:$B$379,B98,$C$2:$C$379,C97) -> 1
A98: Rural | B98: 2015 | C98: September | D98: 125.1 | E98: 131.1 | F98: 120.7 | G98: 129.2 | H98: 114.7 | I98: 132.3 | J98: 158.9 | K98: 142.1 | L98: 92.5 | M98: 125.4 | N98: 121.9 | O98: 132.7 | P98: 131 | Q98: 131 | R98: 130.4 | S98: 126.8 | T98: 129.9 | U98: NA | V98: 123.7 | W98: 124.5 | X98: 121.4 | Y98: 113.8 | Z98: 119.6 | AA98: 124.5 | AB98: 113.7 | AC98: 118.8 | AD98: 127 | AE98: =COUNTIFS($A$2:$A$379,A98,$B$2:$B$379,B99,$C$2:$C$379,C98) -> 1
A99: Urban | B99: 2015 | C99: September | D99: 123.4 | E99: 129 | F99: 115.6 | G99: 128.3 | H99: 107 | I99: 124 | J99: 168.5 | K99: 165.4 | L99: 86.3 | M99: 134.4 | N99: 119.1 | O99: 132.3 | P99: 131.5 | Q99: 134.7 | R99: 124 | S99: 118.6 | T99: 123.2 | U99: 121.6 | V99: 115.1 | W99: 120.4 | X99: 117.1 | Y99: 109.1 | Z99: 117.3 | AA99: 126.5 | AB99: 112.9 | AC99: 116.2 | AD99: 123.5 | AE99: =COUNTIFS($A$2:$A$379,A99,$B$2:$B$379,B100,$C$2:$C$379,C99) -> 1
A100: Rural+Urban | B100: 2015 | C100: September | D100: 124.6 | E100: 130.4 | F100: 118.7 | G100: 128.9 | H100: 111.9 | I100: 128.4 | J100: 162.2 | K100: 150 | L100: 90.4 | M100: 128.4 | N100: 120.7 | O100: 132.5 | P100: 131.2 | Q100: 132 | R100: 127.9 | S100: 123.4 | T100: 127.2 | U100: 121.6 | V100: 120.4 | W100: 122.6 | X100: 119.8 | Y100: 111.3 | Z100: 118.3 | AA100: 125.7 | AB100: 113.4 | AC100: 117.5 | AD100: 125.4 | AE100: =COUNTIFS($A$2:$A$379,A100,$B$2:$B$379,B101,$C$2:$C$379,C100) -> 1
...

Sheet  pattern for missing values
A2: patterns for missing values
C4: Cereals and products | D4: NA
A6: count of missing value | C6: Column1 | D6: Year | E6: Month2 | F6: Count of Cereals and products
A7: cereals and products | C7: Rural | D7: 2020 | E7: May | F7: 1
D8: 2020 Total | F8: 1
C9: Rural Total | F9: 1 | H9: cpi variables | I9: count NA
C10: Rural+Urban | D10: 2020 | E10: May | F10: 1 | H10: cereals and products | I10: 3
D11: 2020 Total | F11: 1
C12: Rural+Urban Total | F12: 1
C13: Urban | D13: 2020 | E13: May | F13: 1
D14: 2020 Total | F14: 1
C15: Urban Total | F15: 1
C16: Grand Total | F16: 3
B23: MEAT AND FISH | C23: Meat and fish | D23: NA
C25: Count of Meat and fish | E25: Month2
C26: Column1 | D26: Year | E26: April | F26: May | G26: Grand Total | H26: cpi variables | I26: count NA
C27: Rural | D27: 2020 | E27: 1 | F27: 1 | G27: 2 | H27: meat and fish | I27: 6
C28: Rural Total | E28: 1 | F28: 1 | G28: 2
C29: Rural+Urban | D29: 2020 | E29: 1 | F29: 1 | G29: 2
C30: Rural+Urban Total | E30: 1 | F30: 1 | G30: 2
C31: Urban | D31: 2020 | E31: 1 | F31: 1 | G31: 2
C32: Urban Total | E32: 1 | F32: 1 | G32: 2
C33: Grand Total | E33: 3 | F33: 3 | G33: 6
B35: housing
C36: Housing | D36: (Multiple Items)
C38: Count of Housing | E38: Month2
C39: Column1 | D39: Year | E39: January | F39: February | G39: March | H39: April | I39: May | J39: June | K39: July | L39: August | M39: September | N39: October | O39: November | P39: December | Q39: Grand Total
C40: Rural | D40: 2013 | E40: 1 | F40: 1 | G40: 1 | H40: 1 | I40: 1 | J40: 1 | K40: 1 | L40: 1 | M40: 1 | N40: 1 | O40: 1 | P40: 1 | Q40: 12
D41: 2014 | E41: 1 | F41: 1 | G41: 1 | H41: 1 | I41: 1 | J41: 1 | K41: 1 | L41: 1 | M41: 1 | N41: 1 | O41: 1 | P41: 1 | Q41: 12
D42: 2015 | E42: 1 | F42: 1 | G42: 1 | H42: 1 | I42: 1 | J42: 1 | K42: 1 | L42: 1 | M42: 1 | N42: 1 | O42: 1 | P42: 1 | Q42: 12
D43: 2016 | E43: 1 | F43: 1 | G43: 1 | H43: 1 | I43: 1 | J43: 1 | K43: 1 | L43: 1 | M43: 1 | N43: 1 | O43: 1 | P43: 1 | Q43: 12
D44: 2017 | E44: 1 | F44: 1 | G44: 1 | H44: 1 | I44: 1 | J44: 1 | K44: 1 | L44: 1 | M44: 1 | N44: 1 | O44: 1 | P44: 1 | Q44: 12 | R44: cpi variables | S44: count NA
D45: 2018 | E45: 1 | F45: 1 | G45: 1 | H45: 1 | I45: 1 | J45: 1 | K45: 1 | L45: 1 | M45: 1 | N45: 1 | O45: 1 | P45: 1 | Q45: 12 | R45: housing | S45: 126
D46: 2019 | E46: 1 | F46: 1 | G46: 1 | I46: 1 | J46: 1 | K46: 1 | L46: 1 | M46: 1 | N46: 1 | O46: 1 | P46: 1 | Q46: 11
D47: 2020 | E47: 1 | F47: 1 | G47: 1 | H47: 1 | I47: 1 | J47: 1 | K47: 1 | L47: 1 | M47: 1 | N47: 1 | O47: 1 | P47: 1 | Q47: 12
D48: 2021 | E48: 1 | F48: 1 | G48: 1 | H48: 1 | I48: 1 | J48: 1 | K48: 1 | L48: 1 | M48: 1 | N48: 1 | O48: 1 | P48: 1 | Q48: 12
D49: 2022 | E49: 1 | F49: 1 | G49: 1 | H49: 1 | I49: 1 | J49: 1 | K49: 1 | L49: 1 | M49: 1 | N49: 1 | O49: 1 | P49: 1 | Q49: 12
D50: 2023 | E50: 1 | F50: 1 | G50: 1 | H50: 1 | I50: 1 | Q50: 5
C51: Rural Total | E51: 11 | F51: 11 | G51: 11 | H51: 10 | I51: 11 | J51: 10 | K51: 10 | L51: 10 | M51: 10 | N51: 10 | O51: 10 | P51: 10 | Q51: 124
C52: Rural+Urban | D52: 2020 | I52: 1 | Q52: 1
C53: Rural+Urban Total | I53: 1 | Q53: 1
C54: Urban | D54: 2020 | I54: 1 | Q54: 1
C55: Urban Total | I55: 1 | Q55: 1
C56: Grand Total | E56: 11 | F56: 11 | G56: 11 | H56: 10 | I56: 13 | J56: 10 | K56: 10 | L56: 10 | M56: 10 | N56: 10 | O56: 10 | P56: 10 | Q56: 126
C58: most of the missing values are from rural sector in housing

Sheet sample data
A1: Sector | B1: Year | C1: Month | D1: Cereals and products | E1: Meat and fish | F1: Egg | G1: Milk and products | H1: Oils and fats | I1: Fruits | J1: Vegetables | K1: Pulses and products | L1: Sugar and Confectionery | M1: Spices | N1: Non-alcoholic beverages | O1: Prepared meals, snacks, sweets etc. | P1: Food and beverages2 | Q1: Pan, tobacco and intoxicants | R1: Clothing | S1: Footwear | T1: Clothing and footwear2 | U1: Housing | V1: Fuel and light | W1: Household goods and services | X1: Health | Y1: Transport and communication | Z1: Recreation and amusement | AA1: Education | AB1: Personal care and effects | AC1: Miscellaneous | AD1: General index2 | AE1: duplicates check
A2: Rural | B2: 2013 | C2: January | D2: 107.5 | E2: 106.3 | F2: 108.1 | G2: 104.9 | H2: 106.1 | I2: 103.9 | J2: 101.9 | K2: 106.1 | L2: 106.8 | M2: 103.1 | N2: 104.8 | O2: 106.7 | P2: 105.5 | Q2: 105.1 | R2: 106.5 | S2: 105.8 | T2: 106.4 | U2: NA | V2: 105.5 | W2: 104.8 | X2: 104 | Y2: 103.3 | Z2: 103.4 | AA2: 103.8 | AB2: 104.7 | AC2: 104 | AD2: 105.1 | AE2: 1
A3: Urban | B3: 2013 | C3: January | D3: 110.5 | E3: 109.1 | F3: 113 | G3: 103.6 | H3: 103.4 | I3: 102.3 | J3: 102.9 | K3: 105.8 | L3: 105.1 | M3: 101.8 | N3: 105.1 | O3: 107.9 | P3: 105.9 | Q3: 105.2 | R3: 105.9 | S3: 105 | T3: 105.8 | U3: 100.3 | V3: 105.4 | W3: 104.8 | X3: 104.1 | Y3: 103.2 | Z3: 102.9 | AA3: 103.5 | AB3: 104.3 | AC3: 103.7 | AD3: 104 | AE3: 1
A4: Rural+Urban | B4: 2013 | C4: January | D4: 108.4 | E4: 107.3 | F4: 110 | G4: 104.4 | H4: 105.1 | I4: 103.2 | J4: 102.2 | K4: 106 | L4: 106.2 | M4: 102.7 | N4: 104.9 | O4: 107.3 | P4: 105.6 | Q4: 105.1 | R4: 106.3 | S4: 105.5 | T4: 106.2 | U4: 100.3 | V4: 105.5 | W4: 104.8 | X4: 104 | Y4: 103.2 | Z4: 103.1 | AA4: 103.6 | AB4: 104.5 | AC4: 103.9 | AD4: 104.6 | AE4: 1
A5: Rural | B5: 2013 | C5: February | D5: 109.2 | E5: 108.7 | F5: 110.2 | G5: 105.4 | H5: 106.7 | I5: 104 | J5: 102.4 | K5: 105.9 | L5: 105.7 | M5: 103.1 | N5: 105.1 | O5: 107.7 | P5: 106.3 | Q5: 105.6 | R5: 107.1 | S5: 106.3 | T5: 107 | U5: NA | V5: 106.2 | W5: 105.2 | X5: 104.4 | Y5: 103.9 | Z5: 104 | AA5: 104.1 | AB5: 104.6 | AC5: 104.4 | AD5: 105.8 | AE5: 1
A6: Urban | B6: 2013 | C6: February | D6: 112.9 | E6: 112.9 | F6: 116.9 | G6: 104 | H6: 103.5 | I6: 103.1 | J6: 104.9 | K6: 104.1 | L6: 103.8 | M6: 102.3 | N6: 106 | O6: 109 | P6: 107.2 | Q6: 106 | R6: 106.6 | S6: 105.5 | T6: 106.4 | U6: 100.4 | V6: 105.7 | W6: 105.2 | X6: 104.7 | Y6: 104.4 | Z6: 103.3 | AA6: 103.7 | AB6: 104.3 | AC6: 104.3 | AD6: 104.7 | AE6: 1
A7: Rural+Urban | B7: 2013 | C7: February | D7: 110.4 | E7: 110.2 | F7: 112.8 | G7: 104.9 | H7: 105.5 | I7: 103.6 | J7: 103.2 | K7: 105.3 | L7: 105.1 | M7: 102.8 | N7: 105.5 | O7: 108.3 | P7: 106.6 | Q7: 105.7 | R7: 106.9 | S7: 106 | T7: 106.8 | U7: 100.4 | V7: 106 | W7: 105.2 | X7: 104.5 | Y7: 104.2 | Z7: 103.6 | AA7: 103.9 | AB7: 104.5 | AC7: 104.4 | AD7: 105.3 | AE7: 1
A8: Rural | B8: 2013 | C8: March | D8: 110.2 | E8: 108.8 | F8: 109.9 | G8: 105.6 | H8: 106.2 | I8: 105.7 | J8: 101.4 | K8: 105.7 | L8: 105 | M8: 103.3 | N8: 105.6 | O8: 108.2 | P8: 106.6 | Q8: 106.5 | R8: 107.6 | S8: 106.8 | T8: 107.5 | U8: NA | V8: 106.1 | W8: 105.6 | X8: 104.7 | Y8: 104.6 | Z8: 104 | AA8: 104.3 | AB8: 104.3 | AC8: 104.6 | AD8: 106 | AE8: 1
A9: Urban | B9: 2013 | C9: March | D9: 113.9 | E9: 111.4 | F9: 113.2 | G9: 104.3 | H9: 102.7 | I9: 104.9 | J9: 103.8 | K9: 103.5 | L9: 102.6 | M9: 102.4 | N9: 107 | O9: 109.8 | P9: 107.3 | Q9: 106.8 | R9: 107.2 | S9: 106 | T9: 107 | U9: 100.4 | V9: 106 | W9: 105.7 | X9: 105.2 | Y9: 105.5 | Z9: 103.5 | AA9: 103.8 | AB9: 104.2 | AC9: 104.9 | AD9: 105 | AE9: 1
A10: Rural+Urban | B10: 2013 | C10: March | D10: 111.4 | E10: 109.7 | F10: 111.2 | G10: 105.1 | H10: 104.9 | I10: 105.3 | J10: 102.2 | K10: 105 | L10: 104.2 | M10: 103 | N10: 106.2 | O10: 108.9 | P10: 106.9 | Q10: 106.6 | R10: 107.4 | S10: 106.5 | T10: 107.3 | U10: 100.4 | V10: 106.1 | W10: 105.6 | X10: 104.9 | Y10: 105.1 | Z10: 103.7 | AA10: 104 | AB10: 104.3 | AC10: 104.7 | AD10: 105.5 | AE10: 1
A11: Rural | B11: 2013 | C11: April | D11: 110.2 | E11: 109.5 | F11: 106.9 | G11: 106.3 | H11: 105.7 | I11: 108.3 | J11: 103.4 | K11: 105.7 | L11: 104.2 | M11: 103.2 | N11: 106.5 | O11: 108.8 | P11: 107.1 | Q11: 107.1 | R11: 108.1 | S11: 107.4 | T11: 108 | U11: NA | V11: 106.5 | W11: 106.1 | X11: 105.1 | Y11: 104.4 | Z11: 104.5 | AA11: 104.8 | AB11: 102.7 | AC11: 104.6 | AD11: 106.4 | AE11: 1
A12: Urban | B12: 2013 | C12: April | D12: 114.6 | E12: 113.4 | F12: 106 | G12: 104.7 | H12: 102.1 | I12: 109.5 | J12: 109.7 | K12: 104.6 | L12: 102 | M12: 103.5 | N12: 108.2 | O12: 110.6 | P12: 108.8 | Q12: 108.5 | R12: 107.9 | S12: 106.4 | T12: 107.7 | U12: 100.5 | V12: 106.4 | W12: 106.5 | X12: 105.7 | Y12: 105 | Z12: 104 | AA12: 105.2 | AB12: 103.2 | AC12: 105.1 | AD12: 105.7 | AE12: 1
A13: Rural+Urban | B13: 2013 | C13: April | D13: 111.6 | E13: 110.9 | F13: 106.6 | G13: 105.7 | H13: 104.4 | I13: 108.9 | J13: 105.5 | K13: 105.3 | L13: 103.5 | M13: 103.3 | N13: 107.2 | O13: 109.6 | P13: 107.7 | Q13: 107.5 | R13: 108 | S13: 107 | T13: 107.9 | U13: 100.5 | V13: 106.5 | W13: 106.3 | X13: 105.3 | Y13: 104.7 | Z13: 104.2 | AA13: 105 | AB13: 102.9 | AC13: 104.8 | AD13: 106.1 | AE13: 1
A14: Rural | B14: 2013 | C14: May | D14: 110.9 | E14: 109.8 | F14: 105.9 | G14: 107.5 | H14: 105.3 | I14: 108.1 | J14: 107.3 | K14: 106.1 | L14: 103.7 | M14: 104 | N14: 107.4 | O14: 109.9 | P14: 108.1 | Q14: 108.1 | R14: 108.8 | S14: 107.9 | T14: 108.6 | U14: NA | V14: 107.5 | W14: 106.8 | X14: 105.7 | Y14: 104.1 | Z14: 105 | AA14: 105.5 | AB14: 102.1 | AC14: 104.8 | AD14: 107.2 | AE14: 1
A15: Urban | B15: 2013 | C15: May | D15: 115.4 | E15: 114.2 | F15: 102.7 | G15: 105.5 | H15: 101.5 | I15: 110.6 | J15: 123.7 | K15: 105.2 | L15: 101.9 | M15: 105 | N15: 109.1 | O15: 111.3 | P15: 111.1 | Q15: 109.8 | R15: 108.5 | S15: 106.7 | T15: 108.3 | U15: 100.5 | V15: 107.2 | W15: 107.1 | X15: 106.2 | Y15: 103.9 | Z15: 104.6 | AA15: 105.7 | AB15: 102.6 | AC15: 104.9 | AD15: 106.6 | AE15: 1
A16: Rural+Urban | B16: 2013 | C16: May | D16: 112.3 | E16: 111.3 | F16: 104.7 | G16: 106.8 | H16: 103.9 | I16: 109.3 | J16: 112.9 | K16: 105.8 | L16: 103.1 | M16: 104.3 | N16: 108.1 | O16: 110.5 | P16: 109.2 | Q16: 108.6 | R16: 108.7 | S16: 107.4 | T16: 108.5 | U16: 100.5 | V16: 107.4 | W16: 106.9 | X16: 105.9 | Y16: 104 | Z16: 104.8 | AA16: 105.6 | AB16: 102.3 | AC16: 104.8 | AD16: 106.9 | AE16: 1
A17: Rural | B17: 2013 | C17: June | D17: 112.3 | E17: 112.1 | F17: 108.1 | G17: 108.3 | H17: 105.9 | I17: 109.2 | J17: 118 | K17: 106.8 | L17: 104.1 | M17: 105.4 | N17: 108.2 | O17: 111 | P17: 110.6 | Q17: 109 | R17: 109.7 | S17: 108.8 | T17: 109.5 | U17: NA | V17: 108.5 | W17: 107.5 | X17: 106.3 | Y17: 105 | Z17: 105.6 | AA17: 106.5 | AB17: 102.5 | AC17: 105.5 | AD17: 108.9 | AE17: 1
A18: Urban | B18: 2013 | C18: June | D18: 117 | E18: 120.1 | F18: 112.5 | G18: 107.3 | H18: 101.3 | I18: 112.4 | J18: 143.6 | K18: 105.4 | L18: 101.4 | M18: 106.4 | N18: 110 | O18: 112.2 | P18: 115 | Q18: 110.9 | R18: 109.2 | S18: 107.2 | T18: 108.9 | U18: 106.6 | V18: 108 | W18: 107.7 | X18: 106.5 | Y18: 105.2 | Z18: 105.2 | AA18: 108.1 | AB18: 103.3 | AC18: 106.1 | AD18: 109.7 | AE18: 1
A19: Rural+Urban | B19: 2013 | C19: June | D19: 113.8 | E19: 114.9 | F19: 109.8 | G19: 107.9 | H19: 104.2 | I19: 110.7 | J19: 126.7 | K19: 106.3 | L19: 103.2 | M19: 105.7 | N19: 109 | O19: 111.6 | P19: 112.2 | Q19: 109.5 | R19: 109.5 | S19: 108.1 | T19: 109.3 | U19: 106.6 | V19: 108.3 | W19: 107.6 | X19: 106.4 | Y19: 105.1 | Z19: 105.4 | AA19: 107.4 | AB19: 102.8 | AC19: 105.8 | AD19: 109.3 | AE19: 1
A20: Rural | B20: 2013 | C20: July | D20: 113.4 | E20: 114.9 | F20: 110.5 | G20: 109.3 | H20: 106.2 | I20: 110.3 | J20: 129.2 | K20: 107.1 | L20: 104.3 | M20: 106.4 | N20: 109.1 | O20: 112.1 | P20: 113.1 | Q20: 109.8 | R20: 110.5 | S20: 109.5 | T20: 110.3 | U20: NA | V20: 109.5 | W20: 108.3 | X20: 106.9 | Y20: 106.8 | Z20: 106.4 | AA20: 107.8 | AB20: 102.5 | AC20: 106.5 | AD20: 110.7 | AE20: 1
A21: Urban | B21: 2013 | C21: July | D21: 117.8 | E21: 119.2 | F21: 114 | G21: 108.3 | H21: 101.1 | I21: 113.2 | J21: 160.9 | K21: 105.1 | L21: 101.3 | M21: 107.5 | N21: 110.4 | O21: 113.1 | P21: 117.5 | Q21: 111.7 | R21: 109.8 | S21: 107.8 | T21: 109.5 | U21: 107.7 | V21: 108.6 | W21: 108.1 | X21: 107.1 | Y21: 107.3 | Z21: 105.9 | AA21: 110.1 | AB21: 103.2 | AC21: 107.3 | AD21: 111.4 | AE21: 1
A22: Rural+Urban | B22: 2013 | C22: July | D22: 114.8 | E22: 116.4 | F22: 111.9 | G22: 108.9 | H22: 104.3 | I22: 111.7 | J22: 140 | K22: 106.4 | L22: 103.3 | M22: 106.8 | N22: 109.6 | O22: 112.6 | P22: 114.7 | Q22: 110.3 | R22: 110.2 | S22: 108.8 | T22: 110 | U22: 107.7 | V22: 109.2 | W22: 108.2 | X22: 107 | Y22: 107.1 | Z22: 106.1 | AA22: 109.1 | AB22: 102.8 | AC22: 106.9 | AD22: 111 | AE22: 1
A23: Rural | B23: 2013 | C23: August | D23: 114.3 | E23: 115.4 | F23: 111.1 | G23: 110 | H23: 106.4 | I23: 110.8 | J23: 138.9 | K23: 107.4 | L23: 104.1 | M23: 106.9 | N23: 109.7 | O23: 112.6 | P23: 114.9 | Q23: 110.7 | R23: 111.3 | S23: 110.2 | T23: 111.1 | U23: NA | V23: 109.9 | W23: 108.7 | X23: 107.5 | Y23: 107.8 | Z23: 106.8 | AA23: 108.7 | AB23: 105 | AC23: 107.5 | AD23: 112.1 | AE23: 1
A24: Urban | B24: 2013 | C24: August | D24: 118.3 | E24: 120.4 | F24: 112.7 | G24: 108.9 | H24: 101.1 | I24: 108.7 | J24: 177 | K24: 104.7 | L24: 101 | M24: 108.5 | N24: 110.9 | O24: 114.3 | P24: 119.6 | Q24: 112.4 | R24: 110.6 | S24: 108.3 | T24: 110.2 | U24: 108.9 | V24: 109.3 | W24: 108.7 | X24: 107.6 | Y24: 108.1 | Z24: 106.5 | AA24: 110.8 | AB24: 106 | AC24: 108.3 | AD24: 112.7 | AE24: 1
A25: Rural+Urban | B25: 2013 | C25: August | D25: 115.6 | E25: 117.2 | F25: 111.7 | G25: 109.6 | H25: 104.5 | I25: 109.8 | J25: 151.8 | K25: 106.5 | L25: 103.1 | M25: 107.4 | N25: 110.2 | O25: 113.4 | P25: 116.6 | Q25: 111.2 | R25: 111 | S25: 109.4 | T25: 110.7 | U25: 108.9 | V25: 109.7 | W25: 108.7 | X25: 107.5 | Y25: 108 | Z25: 106.6 | AA25: 109.9 | AB25: 105.4 | AC25: 107.9 | AD25: 112.4 | AE25: 1
A26: Rural | B26: 2013 | C26: September | D26: 115.4 | E26: 115.7 | F26: 111.7 | G26: 111 | H26: 107.4 | I26: 110.9 | J26: 154 | K26: 108.1 | L26: 104.2 | M26: 107.9 | N26: 110.4 | O26: 114 | P26: 117.8 | Q26: 111.7 | R26: 112.7 | S26: 111.4 | T26: 112.5 | U26: NA | V26: 111.1 | W26: 109.6 | X26: 108.3 | Y26: 109.3 | Z26: 107.7 | AA26: 109.8 | AB26: 106.7 | AC26: 108.7 | AD26: 114.2 | AE26: 1
A27: Urban | B27: 2013 | C27: September | D27: 118.6 | E27: 119.1 | F27: 113.2 | G27: 109.6 | H27: 101.7 | I27: 103.2 | J27: 174.3 | K27: 105.1 | L27: 100.8 | M27: 109.1 | N27: 111.1 | O27: 115.4 | P27: 119.2 | Q27: 112.9 | R27: 111.4 | S27: 109 | T27: 111.1 | U27: 109.7 | V27: 109.5 | W27: 109.6 | X27: 107.9 | Y27: 110.4 | Z27: 107.4 | AA27: 111.2 | AB27: 106.9 | AC27: 109.4 | AD27: 113.2 | AE27: 1
A28: Rural+Urban | B28: 2013 | C28: September | D28: 116.4 | E28: 116.9 | F28: 112.3 | G28: 110.5 | H28: 105.3 | I28: 107.3 | J28: 160.9 | K28: 107.1 | L28: 103.1 | M28: 108.3 | N28: 110.7 | O28: 114.6 | P28: 118.3 | Q28: 112 | R28: 112.2 | S28: 110.4 | T28: 111.9 | U28: 109.7 | V28: 110.5 | W28: 109.6 | X28: 108.1 | Y28: 109.9 | Z28: 107.5 | AA28: 110.6 | AB28: 106.8 | AC28: 109 | AD28: 113.7 | AE28: 1
A29: Rural | B29: 2013 | C29: October | D29: 116.3 | E29: 115.4 | F29: 112.6 | G29: 111.7 | H29: 107.7 | I29: 113.2 | J29: 164.9 | K29: 108.3 | L29: 103.9 | M29: 108.2 | N29: 111.1 | O29: 114.9 | P29: 119.8 | Q29: 112.2 | R29: 113.6 | S29: 112.3 | T29: 113.4 | U29: NA | V29: 111.6 | W29: 110.4 | X29: 108.9 | Y29: 109.3 | Z29: 108.3 | AA29: 110.2 | AB29: 107.5 | AC29: 109.1 | AD29: 115.5 | AE29: 1
A30: Urban | B30: 2013 | C30: October | D30: 118.9 | E30: 118.1 | F30: 114.5 | G30: 110.4 | H30: 102.3 | I30: 106.2 | J30: 183.5 | K30: 105.3 | L30: 100.2 | M30: 109.6 | N30: 111.4 | O30: 116 | P30: 120.8 | Q30: 113.5 | R30: 112.5 | S30: 109.7 | T30: 112 | U30: 110.5 | V30: 109.7 | W30: 110.2 | X30: 108.2 | Y30: 109.7 | Z30: 108 | AA30: 111.3 | AB30: 107.3 | AC30: 109.4 | AD30: 114 | AE30: 1
A31: Rural+Urban | B31: 2013 | C31: October | D31: 117.1 | E31: 116.3 | F31: 113.3 | G31: 111.2 | H31: 105.7 | I31: 109.9 | J31: 171.2 | K31: 107.3 | L31: 102.7 | M31: 108.7 | N31: 111.2 | O31: 115.4 | P31: 120.2 | Q31: 112.5 | R31: 113.2 | S31: 111.2 | T31: 112.8 | U31: 110.5 | V31: 110.9 | W31: 110.3 | X31: 108.6 | Y31: 109.5 | Z31: 108.1 | AA31: 110.8 | AB31: 107.4 | AC31: 109.2 | AD31: 114.8 | AE31: 1
A32: Rural | B32: 2013 | C32: November | D32: 117.3 | E32: 114.9 | F32: 116.2 | G32: 112.8 | H32: 108.9 | I32: 116.6 | J32: 178.1 | K32: 109.1 | L32: 103.6 | M32: 109 | N32: 111.8 | O32: 116 | P32: 122.5 | Q32: 112.8 | R32: 114.6 | S32: 113.1 | T32: 114.4 | U32: NA | V32: 112.6 | W32: 111.3 | X32: 109.7 | Y32: 109.6 | Z32: 108.7 | AA32: 111 | AB32: 108.2 | AC32: 109.8 | AD32: 117.4 | AE32: 1
A33: Urban | B33: 2013 | C33: November | D33: 119.8 | E33: 116.3 | F33: 122.6 | G33: 112 | H33: 103.2 | I33: 110 | J33: 192.8 | K33: 106.3 | L33: 99.5 | M33: 110.3 | N33: 111.8 | O33: 117.1 | P33: 122.9 | Q33: 114.1 | R33: 113.5 | S33: 110.3 | T33: 113 | U33: 111.1 | V33: 110 | W33: 110.9 | X33: 108.6 | Y33: 109.5 | Z33: 108.5 | AA33: 111.3 | AB33: 107.9 | AC33: 109.6 | AD33: 115 | AE33: 1
A34: Rural+Urban | B34: 2013 | C34: November | D34: 118.1 | E34: 115.4 | F34: 118.7 | G34: 112.5 | H34: 106.8 | I34: 113.5 | J34: 183.1 | K34: 108.2 | L34: 102.2 | M34: 109.4 | N34: 111.8 | O34: 116.5 | P34: 122.6 | Q34: 113.1 | R34: 114.2 | S34: 111.9 | T34: 113.8 | U34: 111.1 | V34: 111.6 | W34: 111.1 | X34: 109.3 | Y34: 109.5 | Z34: 108.6 | AA34: 111.2 | AB34: 108.1 | AC34: 109.7 | AD34: 116.3 | AE34: 1
A35: Rural | B35: 2013 | C35: December | D35: 118.4 | E35: 115.9 | F35: 120.4 | G35: 113.8 | H35: 109.5 | I35: 115.5 | J35: 145.7 | K35: 109.5 | L35: 102.9 | M35: 109.8 | N35: 112.1 | O35: 116.8 | P35: 118.7 | Q35: 113.6 | R35: 115.8 | S35: 114 | T35: 115.5 | U35: NA | V35: 112.8 | W35: 112.1 | X35: 110.1 | Y35: 109.9 | Z35: 109.2 | AA35: 111.6 | AB35: 108.1 | AC35: 110.1 | AD35: 115.5 | AE35: 1
A36: Urban | B36: 2013 | C36: December | D36: 120.5 | E36: 118.1 | F36: 128.5 | G36: 112.8 | H36: 103.4 | I36: 110.7 | J36: 144.8 | K36: 107.1 | L36: 98.6 | M36: 111.9 | N36: 112.1 | O36: 118.1 | P36: 117.8 | Q36: 115 | R36: 114.2 | S36: 110.9 | T36: 113.7 | U36: 110.7 | V36: 110.4 | W36: 111.3 | X36: 109 | Y36: 109.7 | Z36: 108.9 | AA36: 111.4 | AB36: 107.7 | AC36: 109.8 | AD36: 113.3 | AE36: 1
A37: Rural+Urban | B37: 2013 | C37: December | D37: 119.1 | E37: 116.7 | F37: 123.5 | G37: 113.4 | H37: 107.3 | I37: 113.3 | J37: 145.4 | K37: 108.7 | L37: 101.5 | M37: 110.5 | N37: 112.1 | O37: 117.4 | P37: 118.4 | Q37: 114 | R37: 115.2 | S37: 112.7 | T37: 114.8 | U37: 110.7 | V37: 111.9 | W37: 111.7 | X37: 109.7 | Y37: 109.8 | Z37: 109 | AA37: 111.5 | AB37: 107.9 | AC37: 110 | AD37: 114.5 | AE37: 1
A38: Rural | B38: 2014 | C38: January | D38: 118.9 | E38: 117.1 | F38: 120.5 | G38: 114.4 | H38: 109 | I38: 115.5 | J38: 123.9 | K38: 109.6 | L38: 101.8 | M38: 110.2 | N38: 112.4 | O38: 117.3 | P38: 116 | Q38: 114 | R38: 116.5 | S38: 114.5 | T38: 116.2 | U38: NA | V38: 113 | W38: 112.6 | X38: 110.6 | Y38: 110.5 | Z38: 109.6 | AA38: 111.8 | AB38: 108.3 | AC38: 110.6 | AD38: 114.2 | AE38: 1
A39: Urban | B39: 2014 | C39: January | D39: 121.2 | E39: 122 | F39: 129.9 | G39: 113.6 | H39: 102.9 | I39: 112.1 | J39: 118.9 | K39: 107.5 | L39: 96.9 | M39: 112.7 | N39: 112.1 | O39: 119 | P39: 115.5 | Q39: 115.7 | R39: 114.8 | S39: 111.3 | T39: 114.3 | U39: 111.6 | V39: 111 | W39: 111.9 | X39: 109.7 | Y39: 110.8 | Z39: 109.8 | AA39: 111.5 | AB39: 108 | AC39: 110.5 | AD39: 112.9 | AE39: 1
A40: Rural+Urban | B40: 2014 | C40: January | D40: 119.6 | E40: 118.8 | F40: 124.1 | G40: 114.1 | H40: 106.8 | I40: 113.9 | J40: 122.2 | K40: 108.9 | L40: 100.2 | M40: 111 | N40: 112.3 | O40: 118.1 | P40: 115.8 | Q40: 114.5 | R40: 115.8 | S40: 113.2 | T40: 115.4 | U40: 111.6 | V40: 112.2 | W40: 112.3 | X40: 110.3 | Y40: 110.7 | Z40: 109.7 | AA40: 111.6 | AB40: 108.2 | AC40: 110.6 | AD40: 113.6 | AE40: 1
A41: Rural | B41: 2014 | C41: February | D41: 119.4 | E41: 117.7 | F41: 121.2 | G41: 115 | H41: 109 | I41: 116.6 | J41: 116 | K41: 109.8 | L41: 101.1 | M41: 110.4 | N41: 112.9 | O41: 117.8 | P41: 115.3 | Q41: 114.2 | R41: 117.1 | S41: 114.5 | T41: 116.7 | U41: NA | V41: 113.2 | W41: 112.9 | X41: 110.9 | Y41: 110.8 | Z41: 109.9 | AA41: 112 | AB41: 108.7 | AC41: 110.9 | AD41: 114 | AE41: 1
A42: Urban | B42: 2014 | C42: February | D42: 121.9 | E42: 122 | F42: 124.5 | G42: 115.2 | H42: 102.5 | I42: 114.1 | J42: 111.5 | K42: 108.2 | L42: 95.4 | M42: 113.5 | N42: 112.1 | O42: 119.9 | P42: 115.2 | Q42: 116.2 | R42: 115.3 | S42: 111.7 | T42: 114.7 | U42: 112.5 | V42: 111.1 | W42: 112.6 | X42: 110.4 | Y42: 111.3 | Z42: 110.3 | AA42: 111.6 | AB42: 108.7 | AC42: 111 | AD42: 113.1 | AE42: 1
A43: Rural+Urban | B43: 2014 | C43: February | D43: 120.2 | E43: 119.2 | F43: 122.5 | G43: 115.1 | H43: 106.6 | I43: 115.4 | J43: 114.5 | K43: 109.3 | L43: 99.2 | M43: 111.4 | N43: 112.6 | O43: 118.8 | P43: 115.3 | Q43: 114.7 | R43: 116.4 | S43: 113.3 | T43: 115.9 | U43: 112.5 | V43: 112.4 | W43: 112.8 | X43: 110.7 | Y43: 111.1 | Z43: 110.1 | AA43: 111.8 | AB43: 108.7 | AC43: 110.9 | AD43: 113.6 | AE43: 1
A44: Rural | B44: 2014 | C44: March | D44: 120.1 | E44: 118.1 | F44: 120.7 | G44: 116.1 | H44: 109.3 | I44: 119.6 | J44: 117.9 | K44: 110.2 | L44: 101.2 | M44: 110.7 | N44: 113 | O44: 118.3 | P44: 116.2 | Q44: 114.6 | R44: 117.5 | S44: 114.9 | T44: 117.2 | U44: NA | V44: 113.4 | W44: 113.4 | X44: 111.4 | Y44: 111.2 | Z44: 110.2 | AA44: 112.4 | AB44: 108.9 | AC44: 111.3 | AD44: 114.6 | AE44: 1
A45: Urban | B45: 2014 | C45: March | D45: 122.1 | E45: 121.4 | F45: 121.5 | G45: 116.2 | H45: 102.8 | I45: 117.7 | J45: 113.3 | K45: 108.9 | L45: 96.3 | M45: 114.1 | N45: 112.2 | O45: 120.5 | P45: 116 | Q45: 116.7 | R45: 115.8 | S45: 112.1 | T45: 115.2 | U45: 113.2 | V45: 110.9 | W45: 113 | X45: 110.8 | Y45: 111.6 | Z45: 110.9 | AA45: 111.8 | AB45: 109.2 | AC45: 111.4 | AD45: 113.7 | AE45: 1
A46: Rural+Urban | B46: 2014 | C46: March | D46: 120.7 | E46: 119.3 | F46: 121 | G46: 116.1 | H46: 106.9 | I46: 118.7 | J46: 116.3 | K46: 109.8 | L46: 99.6 | M46: 111.8 | N46: 112.7 | O46: 119.3 | P46: 116.1 | Q46: 115.2 | R46: 116.8 | S46: 113.7 | T46: 116.4 | U46: 113.2 | V46: 112.5 | W46: 113.2 | X46: 111.2 | Y46: 111.4 | Z46: 110.6 | AA46: 112 | AB46: 109 | AC46: 111.3 | AD46: 114.2 | AE46: 1
A47: Rural | B47: 2014 | C47: April | D47: 120.2 | E47: 118.9 | F47: 118.1 | G47: 117 | H47: 109.7 | I47: 125.5 | J47: 120.5 | K47: 111 | L47: 102.6 | M47: 111.2 | N47: 113.5 | O47: 118.7 | P47: 117.2 | Q47: 115.4 | R47: 118.1 | S47: 116.1 | T47: 117.8 | U47: NA | V47: 113.4 | W47: 113.7 | X47: 111.8 | Y47: 111.2 | Z47: 110.5 | AA47: 113 | AB47: 108.9 | AC47: 111.5 | AD47: 115.4 | AE47: 1
A48: Urban | B48: 2014 | C48: April | D48: 122.5 | E48: 121.7 | F48: 113.3 | G48: 117 | H48: 103.1 | I48: 126.7 | J48: 121.2 | K48: 111 | L48: 100.3 | M48: 115.3 | N48: 112.7 | O48: 121 | P48: 118.2 | Q48: 117.6 | R48: 116.3 | S48: 112.5 | T48: 115.7 | U48: 113.9 | V48: 110.9 | W48: 113.4 | X48: 111 | Y48: 111.2 | Z48: 111.2 | AA48: 112.5 | AB48: 109.1 | AC48: 111.4 | AD48: 114.7 | AE48: 1
A49: Rural+Urban | B49: 2014 | C49: April | D49: 120.9 | E49: 119.9 | F49: 116.2 | G49: 117 | H49: 107.3 | I49: 126.1 | J49: 120.7 | K49: 111 | L49: 101.8 | M49: 112.6 | N49: 113.2 | O49: 119.8 | P49: 117.6 | Q49: 116 | R49: 117.4 | S49: 114.6 | T49: 117 | U49: 113.9 | V49: 112.5 | W49: 113.6 | X49: 111.5 | Y49: 111.2 | Z49: 110.9 | AA49: 112.7 | AB49: 109 | AC49: 111.5 | AD49: 115.1 | AE49: 1
A50: Rural | B50: 2014 | C50: May | D50: 120.3 | E50: 120.2 | F50: 116.9 | G50: 118 | H50: 110.1 | I50: 126.3 | J50: 123.9 | K50: 111.5 | L50: 103.5 | M50: 111.6 | N50: 114.2 | O50: 119.2 | P50: 118.2 | Q50: 116.3 | R50: 118.7 | S50: 116.8 | T50: 118.5 | U50: NA | V50: 113.4 | W50: 114.1 | X50: 112.1 | Y50: 111.4 | Z50: 110.9 | AA50: 113.1 | AB50: 108.9 | AC50: 111.8 | AD50: 116 | AE50: 1
A51: Urban | B51: 2014 | C51: May | D51: 122.7 | E51: 124.1 | F51: 114.2 | G51: 119.1 | H51: 103.5 | I51: 129.2 | J51: 127 | K51: 112.6 | L51: 101.3 | M51: 117 | N51: 112.9 | O51: 121.7 | P51: 120 | Q51: 118.3 | R51: 116.8 | S51: 112.9 | T51: 116.2 | U51: 114.3 | V51: 111.1 | W51: 114.1 | X51: 111.2 | Y51: 111.3 | Z51: 111.5 | AA51: 112.9 | AB51: 109.3 | AC51: 111.7 | AD51: 115.6 | AE51: 1
A52: Rural+Urban | B52: 2014 | C52: May | D52: 121.1 | E52: 121.6 | F52: 115.9 | G52: 118.4 | H52: 107.7 | I52: 127.7 | J52: 125 | K52: 111.9 | L52: 102.8 | M52: 113.4 | N52: 113.7 | O52: 120.4 | P52: 118.9 | Q52: 116.8 | R52: 118 | S52: 115.2 | T52: 117.6 | U52: 114.3 | V52: 112.5 | W52: 114.1 | X52: 111.8 | Y52: 111.3 | Z52: 111.2 | AA52: 113 | AB52: 109.1 | AC52: 111.8 | AD52: 115.8 | AE52: 1
A53: Rural | B53: 2014 | C53: June | D53: 120.7 | E53: 121.6 | F53: 116.1 | G53: 119.3 | H53: 110.3 | I53: 125.8 | J53: 129.3 | K53: 112.2 | L53: 103.6 | M53: 112.3 | N53: 114.9 | O53: 120.1 | P53: 119.5 | Q53: 117.3 | R53: 119.7 | S53: 117.3 | T53: 119.3 | U53: NA | V53: 114.4 | W53: 114.9 | X53: 112.8 | Y53: 112.2 | Z53: 111.4 | AA53: 114.3 | AB53: 108 | AC53: 112.3 | AD53: 117 | AE53: 1
A54: Urban | B54: 2014 | C54: June | D54: 123.1 | E54: 125.9 | F54: 115.4 | G54: 120.4 | H54: 103.4 | I54: 131.2 | J54: 137.5 | K54: 112.8 | L54: 101.4 | M54: 118.3 | N54: 113.2 | O54: 122.4 | P54: 122 | Q54: 119 | R54: 117.4 | S54: 113.2 | T54: 116.7 | U54: 113.9 | V54: 111.2 | W54: 114.3 | X54: 111.4 | Y54: 111.5 | Z54: 111.8 | AA54: 115.1 | AB54: 108.7 | AC54: 112.2 | AD54: 116.4 | AE54: 1
A55: Rural+Urban | B55: 2014 | C55: June | D55: 121.5 | E55: 123.1 | F55: 115.8 | G55: 119.7 | H55: 107.8 | I55: 128.3 | J55: 132.1 | K55: 112.4 | L55: 102.9 | M55: 114.3 | N55: 114.2 | O55: 121.2 | P55: 120.4 | Q55: 117.8 | R55: 118.8 | S55: 115.6 | T55: 118.3 | U55: 113.9 | V55: 113.2 | W55: 114.6 | X55: 112.3 | Y55: 111.8 | Z55: 111.6 | AA55: 114.8 | AB55: 108.3 | AC55: 112.3 | AD55: 116.7 | AE55: 1
A56: Rural | B56: 2014 | C56: July | D56: 121.7 | E56: 122.5 | F56: 117.7 | G56: 120.6 | H56: 110.4 | I56: 129.1 | J56: 150.1 | K56: 113.2 | L56: 104.8 | M56: 113.3 | N56: 115.6 | O56: 120.9 | P56: 123.3 | Q56: 118 | R56: 120.7 | S56: 118.3 | T56: 120.3 | U56: NA | V56: 115.3 | W56: 115.4 | X56: 113.4 | Y56: 113.2 | Z56: 111.8 | AA56: 115.5 | AB56: 108.8 | AC56: 113.1 | AD56: 119.5 | AE56: 1
A57: Urban | B57: 2014 | C57: July | D57: 123.8 | E57: 126.4 | F57: 118 | G57: 121.6 | H57: 103.5 | I57: 133.7 | J57: 172.4 | K57: 113.1 | L57: 102.7 | M57: 120 | N57: 113.8 | O57: 123.4 | P57: 127.1 | Q57: 121 | R57: 118 | S57: 113.6 | T57: 117.4 | U57: 114.8 | V57: 111.6 | W57: 114.9 | X57: 111.5 | Y57: 113 | Z57: 112.4 | AA57: 117.8 | AB57: 109.7 | AC57: 113.5 | AD57: 118.9 | AE57: 1
A58: Rural+Urban | B58: 2014 | C58: July | D58: 122.4 | E58: 123.9 | F58: 117.8 | G58: 121 | H58: 107.9 | I58: 131.2 | J58: 157.7 | K58: 113.2 | L58: 104.1 | M58: 115.5 | N58: 114.8 | O58: 122.1 | P58: 124.7 | Q58: 118.8 | R58: 119.6 | S58: 116.3 | T58: 119.1 | U58: 114.8 | V58: 113.9 | W58: 115.2 | X58: 112.7 | Y58: 113.1 | Z58: 112.1 | AA58: 116.8 | AB58: 109.2 | AC58: 113.3 | AD58: 119.2 | AE58: 1
A59: Rural | B59: 2014 | C59: August | D59: 121.8 | E59: 122.8 | F59: 117.8 | G59: 121.9 | H59: 110.6 | I59: 129.7 | J59: 161.1 | K59: 114.1 | L59: 105.1 | M59: 114.6 | N59: 115.8 | O59: 121.7 | P59: 125.3 | Q59: 118.8 | R59: 120.9 | S59: 118.8 | T59: 120.7 | U59: NA | V59: 115.4 | W59: 115.9 | X59: 114 | Y59: 113.2 | Z59: 112.2 | AA59: 116.2 | AB59: 109.4 | AC59: 113.5 | AD59: 120.7 | AE59: 1
A60: Urban | B60: 2014 | C60: August | D60: 124.8 | E60: 127.3 | F60: 116.5 | G60: 122.2 | H60: 103.6 | I60: 132.7 | J60: 181.9 | K60: 115.2 | L60: 102.7 | M60: 122.1 | N60: 114.4 | O60: 124.7 | P60: 128.9 | Q60: 123 | R60: 118.6 | S60: 114.1 | T60: 117.9 | U60: 115.5 | V60: 111.8 | W60: 115.3 | X60: 112.2 | Y60: 112.5 | Z60: 112.9 | AA60: 119.2 | AB60: 110.5 | AC60: 113.9 | AD60: 119.9 | AE60: 1
A61: Rural+Urban | B61: 2014 | C61: August | D61: 122.7 | E61: 124.4 | F61: 117.3 | G61: 122 | H61: 108 | I61: 131.1 | J61: 168.2 | K61: 114.5 | L61: 104.3 | M61: 117.1 | N61: 115.2 | O61: 123.1 | P61: 126.6 | Q61: 119.9 | R61: 120 | S61: 116.8 | T61: 119.6 | U61: 115.5 | V61: 114 | W61: 115.6 | X61: 113.3 | Y61: 112.8 | Z61: 112.6 | AA61: 118 | AB61: 109.9 | AC61: 113.7 | AD61: 120.3 | AE61: 1
A62: Rural | B62: 2014 | C62: September | D62: 122.3 | E62: 122.4 | F62: 117.8 | G62: 122.7 | H62: 110.4 | I62: 129.8 | J62: 158.8 | K62: 115 | L62: 104.7 | M62: 114.9 | N62: 116.5 | O62: 122.6 | P62: 125.3 | Q62: 119.5 | R62: 121.7 | S62: 119.2 | T62: 121.3 | U62: NA | V62: 115.8 | W62: 116.7 | X62: 114.5 | Y62: 112.8 | Z62: 112.6 | AA62: 116.6 | AB62: 109.1 | AC62: 113.7 | AD62: 120.9 | AE62: 1
A63: Urban | B63: 2014 | C63: September | D63: 124.2 | E63: 125.4 | F63: 116.4 | G63: 122.7 | H63: 103.5 | I63: 124.5 | J63: 168.6 | K63: 116.9 | L63: 101.9 | M63: 122.9 | N63: 114.8 | O63: 125.2 | P63: 126.7 | Q63: 124.3 | R63: 119.2 | S63: 114.5 | T63: 118.4 | U63: 116.1 | V63: 111.8 | W63: 115.5 | X63: 112.3 | Y63: 111.2 | Z63: 113.4 | AA63: 120 | AB63: 110 | AC63: 113.6 | AD63: 119.2 | AE63: 1
A64: Rural+Urban | B64: 2014 | C64: September | D64: 122.9 | E64: 123.5 | F64: 117.3 | G64: 122.7 | H64: 107.9 | I64: 127.3 | J64: 162.1 | K64: 115.6 | L64: 103.8 | M64: 117.6 | N64: 115.8 | O64: 123.8 | P64: 125.8 | Q64: 120.8 | R64: 120.7 | S64: 117.2 | T64: 120.1 | U64: 116.1 | V64: 114.3 | W64: 116.1 | X64: 113.7 | Y64: 112 | Z64: 113.1 | AA64: 118.6 | AB64: 109.5 | AC64: 113.7 | AD64: 120.1 | AE64: 1
A65: Rural | B65: 2014 | C65: October | D65: 122.6 | E65: 122.5 | F65: 118.3 | G65: 123.2 | H65: 110.5 | I65: 128.9 | J65: 155.3 | K65: 115.5 | L65: 104 | M65: 115.3 | N65: 116.8 | O65: 123.2 | P65: 125.1 | Q65: 120 | R65: 122.7 | S65: 120.3 | T65: 122.3 | U65: NA | V65: 116.4 | W65: 117.5 | X65: 115.3 | Y65: 112.6 | Z65: 113 | AA65: 116.9 | AB65: 109.3 | AC65: 114 | AD65: 121 | AE65: 1
A66: Urban | B66: 2014 | C66: October | D66: 124.6 | E66: 126.1 | F66: 117.8 | G66: 123.1 | H66: 103.5 | I66: 123.5 | J66: 159.6 | K66: 117.4 | L66: 101.2 | M66: 123.8 | N66: 115.2 | O66: 125.9 | P66: 125.8 | Q66: 124.3 | R66: 119.6 | S66: 114.9 | T66: 118.9 | U66: 116.7 | V66: 112 | W66: 115.8 | X66: 112.6 | Y66: 111 | Z66: 113.6 | AA66: 120.2 | AB66: 110.1 | AC66: 113.7 | AD66: 119.1 | AE66: 1
A67: Rural+Urban | B67: 2014 | C67: October | D67: 123.2 | E67: 123.8 | F67: 118.1 | G67: 123.2 | H67: 107.9 | I67: 126.4 | J67: 156.8 | K67: 116.1 | L67: 103.1 | M67: 118.1 | N67: 116.1 | O67: 124.5 | P67: 125.4 | Q67: 121.1 | R67: 121.5 | S67: 118.1 | T67: 121 | U67: 116.7 | V67: 114.7 | W67: 116.7 | X67: 114.3 | Y67: 111.8 | Z67: 113.3 | AA67: 118.8 | AB67: 109.6 | AC67: 113.9 | AD67: 120.1 | AE67: 1
A68: Rural | B68: 2014 | C68: November | D68: 122.7 | E68: 122.6 | F68: 119.9 | G68: 124 | H68: 110.5 | I68: 128.8 | J68: 152 | K68: 116.2 | L68: 103.3 | M68: 115.8 | N68: 116.8 | O68: 124.5 | P68: 124.9 | Q68: 120.8 | R68: 123.3 | S68: 120.5 | T68: 122.9 | U68: NA | V68: 117.3 | W68: 118.1 | X68: 115.9 | Y68: 112 | Z68: 113.3 | AA68: 117.2 | AB68: 108.8 | AC68: 114.1 | AD68: 121.1 | AE68: 1
A69: Urban | B69: 2014 | C69: November | D69: 124.5 | E69: 125.6 | F69: 122.7 | G69: 124.6 | H69: 103.2 | I69: 122.2 | J69: 153.2 | K69: 119.3 | L69: 99.8 | M69: 124.6 | N69: 115.8 | O69: 126.9 | P69: 125.4 | Q69: 125.8 | R69: 120.3 | S69: 115.4 | T69: 119.5 | U69: 117.1 | V69: 112.6 | W69: 116.4 | X69: 113 | Y69: 109.7 | Z69: 114 | AA69: 120.3 | AB69: 109.6 | AC69: 113.4 | AD69: 119 | AE69: 1
A70: Rural+Urban | B70: 2014 | C70: November | D70: 123.3 | E70: 123.7 | F70: 121 | G70: 124.2 | H70: 107.8 | I70: 125.7 | J70: 152.4 | K70: 117.2 | L70: 102.1 | M70: 118.7 | N70: 116.4 | O70: 125.6 | P70: 125.1 | Q70: 122.1 | R70: 122.1 | S70: 118.4 | T70: 121.6 | U70: 117.1 | V70: 115.5 | W70: 117.3 | X70: 114.8 | Y70: 110.8 | Z70: 113.7 | AA70: 119 | AB70: 109.1 | AC70: 113.8 | AD70: 120.1 | AE70: 1
A71: Rural | B71: 2014 | C71: December | D71: 122.4 | E71: 122.4 | F71: 121.8 | G71: 124.2 | H71: 110.2 | I71: 128.6 | J71: 140.3 | K71: 116.3 | L71: 102 | M71: 116 | N71: 117.3 | O71: 124.8 | P71: 123.3 | Q71: 121.7 | R71: 123.8 | S71: 120.6 | T71: 123.3 | U71: NA | V71: 117.4 | W71: 118.2 | X71: 116.2 | Y71: 111.5 | Z71: 113.3 | AA71: 117.7 | AB71: 109.4 | AC71: 114.2 | AD71: 120.3 | AE71: 1
A72: Urban | B72: 2014 | C72: December | D72: 124 | E72: 124.7 | F72: 126.3 | G72: 124.9 | H72: 103 | I72: 122.3 | J72: 141 | K72: 120.1 | L72: 97.8 | M72: 125.4 | N72: 116.1 | O72: 127.6 | P72: 124 | Q72: 126.4 | R72: 120.7 | S72: 115.8 | T72: 120 | U72: 116.5 | V72: 113 | W72: 116.8 | X72: 113.2 | Y72: 108.8 | Z72: 114.3 | AA72: 120.7 | AB72: 110.4 | AC72: 113.4 | AD72: 118.4 | AE72: 1
A73: Rural+Urban | B73: 2014 | C73: December | D73: 122.9 | E73: 123.2 | F73: 123.5 | G73: 124.5 | H73: 107.6 | I73: 125.7 | J73: 140.5 | K73: 117.6 | L73: 100.6 | M73: 119.1 | N73: 116.8 | O73: 126.1 | P73: 123.6 | Q73: 123 | R73: 122.6 | S73: 118.6 | T73: 122 | U73: 116.5 | V73: 115.7 | W73: 117.5 | X73: 115.1 | Y73: 110.1 | Z73: 113.9 | AA73: 119.5 | AB73: 109.8 | AC73: 113.8 | AD73: 119.4 | AE73: 1
A74: Rural | B74: 2015 | C74: January | D74: 123.1 | E74: 123.1 | F74: 122.1 | G74: 124.9 | H74: 111 | I74: 130.4 | J74: 132.3 | K74: 117.2 | L74: 100.5 | M74: 117.2 | N74: 117.9 | O74: 125.6 | P74: 122.8 | Q74: 122.7 | R74: 124.4 | S74: 121.6 | T74: 124 | U74: NA | V74: 118.4 | W74: 118.9 | X74: 116.6 | Y74: 111 | Z74: 114 | AA74: 118.2 | AB74: 110.2 | AC74: 114.5 | AD74: 120.3 | AE74: 1
A75: Urban | B75: 2015 | C75: January | D75: 124 | E75: 125.5 | F75: 126.6 | G75: 125.2 | H75: 104.3 | I75: 121.3 | J75: 134.4 | K75: 122.9 | L75: 96.1 | M75: 126.6 | N75: 116.5 | O75: 128 | P75: 123.5 | Q75: 127.4 | R75: 121 | S75: 116.1 | T75: 120.2 | U75: 117.3 | V75: 113.4 | W75: 117.2 | X75: 113.7 | Y75: 107.9 | Z75: 114.6 | AA75: 120.8 | AB75: 111.4 | AC75: 113.4 | AD75: 118.5 | AE75: 1
A76: Rural+Urban | B76: 2015 | C76: January | D76: 123.4 | E76: 123.9 | F76: 123.8 | G76: 125 | H76: 108.5 | I76: 126.2 | J76: 133 | K76: 119.1 | L76: 99 | M76: 120.3 | N76: 117.3 | O76: 126.7 | P76: 123.1 | Q76: 124 | R76: 123.1 | S76: 119.3 | T76: 122.5 | U76: 117.3 | V76: 116.5 | W76: 118.1 | X76: 115.5 | Y76: 109.4 | Z76: 114.3 | AA76: 119.7 | AB76: 110.7 | AC76: 114 | AD76: 119.5 | AE76: 1
A77: Rural | B77: 2015 | C77: February | D77: 123.4 | E77: 124.4 | F77: 122.1 | G77: 125.8 | H77: 111.5 | I77: 129.4 | J77: 128.2 | K77: 118.8 | L77: 100 | M77: 118.6 | N77: 118.8 | O77: 126.8 | P77: 122.8 | Q77: 124.2 | R77: 125.4 | S77: 122.7 | T77: 125 | U77: NA | V77: 120 | W77: 119.6 | X77: 117.7 | Y77: 110.9 | Z77: 114.8 | AA77: 118.7 | AB77: 110.8 | AC77: 115 | AD77: 120.6 | AE77: 1
A78: Urban | B78: 2015 | C78: February | D78: 124.3 | E78: 126.5 | F78: 119.5 | G78: 125.6 | H78: 104.9 | I78: 121.6 | J78: 131.8 | K78: 125.1 | L78: 95 | M78: 127.7 | N78: 116.8 | O78: 128.6 | P78: 123.7 | Q78: 128.1 | R78: 121.3 | S78: 116.5 | T78: 120.6 | U78: 118.1 | V78: 114 | W78: 117.7 | X78: 114.1 | Y78: 106.8 | Z78: 114.9 | AA78: 120.4 | AB78: 111.7 | AC78: 113.2 | AD78: 118.7 | AE78: 1
A79: Rural+Urban | B79: 2015 | C79: February | D79: 123.7 | E79: 125.1 | F79: 121.1 | G79: 125.7 | H79: 109.1 | I79: 125.8 | J79: 129.4 | K79: 120.9 | L79: 98.3 | M79: 121.6 | N79: 118 | O79: 127.6 | P79: 123.1 | Q79: 125.2 | R79: 123.8 | S79: 120.1 | T79: 123.3 | U79: 118.1 | V79: 117.7 | W79: 118.7 | X79: 116.3 | Y79: 108.7 | Z79: 114.9 | AA79: 119.7 | AB79: 111.2 | AC79: 114.1 | AD79: 119.7 | AE79: 1
A80: Rural | B80: 2015 | C80: March | D80: 123.3 | E80: 124.7 | F80: 118.9 | G80: 126 | H80: 111.8 | I80: 130.9 | J80: 128 | K80: 119.9 | L80: 98.9 | M80: 119.4 | N80: 118.9 | O80: 127.7 | P80: 123.1 | Q80: 124.7 | R80: 126 | S80: 122.9 | T80: 125.5 | U80: NA | V80: 120.6 | W80: 120.2 | X80: 118.2 | Y80: 111.6 | Z80: 115.5 | AA80: 119.4 | AB80: 110.8 | AC80: 115.5 | AD80: 121.1 | AE80: 1
A81: Urban | B81: 2015 | C81: March | D81: 124 | E81: 126.7 | F81: 113.5 | G81: 125.9 | H81: 104.8 | I81: 123.8 | J81: 131.4 | K81: 127.2 | L81: 93.2 | M81: 127.4 | N81: 117 | O81: 129.2 | P81: 123.9 | Q81: 128.8 | R81: 121.7 | S81: 116.9 | T81: 120.9 | U81: 118.6 | V81: 114.4 | W81: 118 | X81: 114.3 | Y81: 108.4 | Z81: 115.4 | AA81: 120.6 | AB81: 111.3 | AC81: 113.8 | AD81: 119.1 | AE81: 1
A82: Rural+Urban | B82: 2015 | C82: March | D82: 123.5 | E82: 125.4 | F82: 116.8 | G82: 126 | H82: 109.2 | I82: 127.6 | J82: 129.2 | K82: 122.4 | L82: 97 | M82: 122.1 | N82: 118.1 | O82: 128.4 | P82: 123.4 | Q82: 125.8 | R82: 124.3 | S82: 120.4 | T82: 123.7 | U82: 118.6 | V82: 118.3 | W82: 119.2 | X82: 116.7 | Y82: 109.9 | Z82: 115.4 | AA82: 120.1 | AB82: 111 | AC82: 114.7 | AD82: 120.2 | AE82: 1
A83: Rural | B83: 2015 | C83: April | D83: 123.3 | E83: 125.5 | F83: 117.2 | G83: 126.8 | H83: 111.9 | I83: 134.2 | J83: 127.5 | K83: 121.5 | L83: 97.8 | M83: 119.8 | N83: 119.4 | O83: 128.7 | P83: 123.6 | Q83: 125.7 | R83: 126.4 | S83: 123.3 | T83: 126 | U83: NA | V83: 121.2 | W83: 120.9 | X83: 118.6 | Y83: 111.9 | Z83: 116.2 | AA83: 119.9 | AB83: 111.6 | AC83: 116 | AD83: 121.5 | AE83: 1
A84: Urban | B84: 2015 | C84: April | D84: 123.8 | E84: 128.2 | F84: 110 | G84: 126.3 | H84: 104.5 | I84: 130.6 | J84: 130.8 | K84: 131.3 | L84: 91.6 | M84: 127.7 | N84: 117.2 | O84: 129.5 | P84: 124.6 | Q84: 130.1 | R84: 122.1 | S84: 117.2 | T84: 121.3 | U84: 119.2 | V84: 114.7 | W84: 118.4 | X84: 114.6 | Y84: 108.4 | Z84: 115.6 | AA84: 121.7 | AB84: 111.8 | AC84: 114.2 | AD84: 119.7 | AE84: 1
A85: Rural+Urban | B85: 2015 | C85: April | D85: 123.5 | E85: 126.4 | F85: 114.4 | G85: 126.6 | H85: 109.2 | I85: 132.5 | J85: 128.6 | K85: 124.8 | L85: 95.7 | M85: 122.4 | N85: 118.5 | O85: 129.1 | P85: 124 | Q85: 126.9 | R85: 124.7 | S85: 120.8 | T85: 124.1 | U85: 119.2 | V85: 118.7 | W85: 119.7 | X85: 117.1 | Y85: 110.1 | Z85: 115.9 | AA85: 121 | AB85: 111.7 | AC85: 115.1 | AD85: 120.7 | AE85: 1
A86: Rural | B86: 2015 | C86: May | D86: 123.5 | E86: 127.1 | F86: 117.3 | G86: 127.7 | H86: 112.5 | I86: 134.1 | J86: 128.5 | K86: 124.3 | L86: 97.6 | M86: 120.7 | N86: 120.2 | O86: 129.8 | P86: 124.4 | Q86: 126.7 | R86: 127.3 | S86: 124.1 | T86: 126.8 | U86: NA | V86: 121.9 | W86: 121.5 | X86: 119.4 | Y86: 113.3 | Z86: 116.7 | AA86: 120.5 | AB86: 112.3 | AC86: 116.9 | AD86: 122.4 | AE86: 1
A87: Urban | B87: 2015 | C87: May | D87: 123.8 | E87: 129.7 | F87: 111.3 | G87: 126.6 | H87: 105.2 | I87: 130.8 | J87: 135.6 | K87: 142.6 | L87: 90.8 | M87: 128.8 | N87: 117.7 | O87: 129.9 | P87: 126.1 | Q87: 131.3 | R87: 122.4 | S87: 117.4 | T87: 121.6 | U87: 119.6 | V87: 114.9 | W87: 118.7 | X87: 114.9 | Y87: 110.8 | Z87: 116 | AA87: 122 | AB87: 112.4 | AC87: 115.2 | AD87: 120.7 | AE87: 1
A88: Rural+Urban | B88: 2015 | C88: May | D88: 123.6 | E88: 128 | F88: 115 | G88: 127.3 | H88: 109.8 | I88: 132.6 | J88: 130.9 | K88: 130.5 | L88: 95.3 | M88: 123.4 | N88: 119.2 | O88: 129.8 | P88: 125 | Q88: 127.9 | R88: 125.4 | S88: 121.3 | T88: 124.7 | U88: 119.6 | V88: 119.2 | W88: 120.2 | X88: 117.7 | Y88: 112 | Z88: 116.3 | AA88: 121.4 | AB88: 112.3 | AC88: 116.1 | AD88: 121.6 | AE88: 1
A89: Rural | B89: 2015 | C89: June | D89: 124.1 | E89: 130.4 | F89: 122.1 | G89: 128.7 | H89: 114.1 | I89: 133.2 | J89: 135.2 | K89: 131.9 | L89: 96.3 | M89: 123 | N89: 121.1 | O89: 131.2 | P89: 126.6 | Q89: 128.2 | R89: 128.4 | S89: 125.1 | T89: 128 | U89: NA | V89: 122.6 | W89: 122.8 | X89: 120.4 | Y89: 114.2 | Z89: 117.9 | AA89: 122 | AB89: 113 | AC89: 117.9 | AD89: 124.1 | AE89: 1
A90: Urban | B90: 2015 | C90: June | D90: 123.6 | E90: 134.4 | F90: 120.9 | G90: 127.3 | H90: 106 | I90: 132.3 | J90: 146.7 | K90: 148.1 | L90: 89.8 | M90: 130.5 | N90: 118 | O90: 130.5 | P90: 128.5 | Q90: 132.1 | R90: 123.2 | S90: 117.6 | T90: 122.3 | U90: 119 | V90: 115.1 | W90: 119.2 | X90: 115.4 | Y90: 111.7 | Z90: 116.2 | AA90: 123.8 | AB90: 112.5 | AC90: 116 | AD90: 121.7 | AE90: 1
A91: Rural+Urban | B91: 2015 | C91: June | D91: 123.9 | E91: 131.8 | F91: 121.6 | G91: 128.2 | H91: 111.1 | I91: 132.8 | J91: 139.1 | K91: 137.4 | L91: 94.1 | M91: 125.5 | N91: 119.8 | O91: 130.9 | P91: 127.3 | Q91: 129.2 | R91: 126.4 | S91: 122 | T91: 125.7 | U91: 119 | V91: 119.8 | W91: 121.1 | X91: 118.5 | Y91: 112.9 | Z91: 116.9 | AA91: 123.1 | AB91: 112.8 | AC91: 117 | AD91: 123 | AE91: 1
A92: Rural | B92: 2015 | C92: July | D92: 124 | E92: 131.5 | F92: 122 | G92: 128.7 | H92: 113.5 | I92: 133.3 | J92: 140.8 | K92: 133.8 | L92: 94.1 | M92: 123.4 | N92: 121 | O92: 131.7 | P92: 127.5 | Q92: 129.4 | R92: 128.8 | S92: 125.5 | T92: 128.3 | U92: NA | V92: 123 | W92: 123 | X92: 120.8 | Y92: 114.1 | Z92: 118 | AA92: 122.9 | AB92: 112.7 | AC92: 118.1 | AD92: 124.7 | AE92: 1
A93: Urban | B93: 2015 | C93: July | D93: 123.2 | E93: 134.3 | F93: 119.5 | G93: 127.7 | H93: 106.3 | I93: 132.8 | J93: 153.5 | K93: 149.5 | L93: 85.7 | M93: 131.5 | N93: 118.3 | O93: 131.1 | P93: 129.5 | Q93: 133.1 | R93: 123.5 | S93: 117.9 | T93: 122.7 | U93: 119.9 | V93: 115.3 | W93: 119.5 | X93: 116 | Y93: 111.5 | Z93: 116.6 | AA93: 125.4 | AB93: 111.7 | AC93: 116.3 | AD93: 122.4 | AE93: 1
A94: Rural+Urban | B94: 2015 | C94: July | D94: 123.7 | E94: 132.5 | F94: 121 | G94: 128.3 | H94: 110.9 | I94: 133.1 | J94: 145.1 | K94: 139.1 | L94: 91.3 | M94: 126.1 | N94: 119.9 | O94: 131.4 | P94: 128.2 | Q94: 130.4 | R94: 126.7 | S94: 122.3 | T94: 126.1 | U94: 119.9 | V94: 120.1 | W94: 121.3 | X94: 119 | Y94: 112.7 | Z94: 117.2 | AA94: 124.4 | AB94: 112.3 | AC94: 117.2 | AD94: 123.6 | AE94: 1
A95: Rural | B95: 2015 | C95: August | D95: 124.7 | E95: 131.3 | F95: 121.3 | G95: 128.8 | H95: 114 | I95: 134.2 | J95: 153.6 | K95: 137.9 | L95: 93.1 | M95: 123.9 | N95: 121.5 | O95: 132.5 | P95: 129.8 | Q95: 130.1 | R95: 129.5 | S95: 126.3 | T95: 129 | U95: NA | V95: 123.8 | W95: 123.7 | X95: 121.1 | Y95: 113.6 | Z95: 118.5 | AA95: 123.6 | AB95: 112.5 | AC95: 118.2 | AD95: 126.1 | AE95: 1
A96: Urban | B96: 2015 | C96: August | D96: 123.1 | E96: 131.7 | F96: 118.1 | G96: 128 | H96: 106.8 | I96: 130.1 | J96: 165.5 | K96: 156 | L96: 85.3 | M96: 132.7 | N96: 118.8 | O96: 131.7 | P96: 131.1 | Q96: 134.2 | R96: 123.7 | S96: 118.2 | T96: 122.9 | U96: 120.9 | V96: 115.3 | W96: 120 | X96: 116.6 | Y96: 109.9 | Z96: 117.2 | AA96: 126.2 | AB96: 112 | AC96: 116.2 | AD96: 123.2 | AE96: 1
A97: Rural+Urban | B97: 2015 | C97: August | D97: 124.2 | E97: 131.4 | F97: 120.1 | G97: 128.5 | H97: 111.4 | I97: 132.3 | J97: 157.6 | K97: 144 | L97: 90.5 | M97: 126.8 | N97: 120.4 | O97: 132.1 | P97: 130.3 | Q97: 131.2 | R97: 127.2 | S97: 122.9 | T97: 126.6 | U97: 120.9 | V97: 120.6 | W97: 122 | X97: 119.4 | Y97: 111.7 | Z97: 117.8 | AA97: 125.1 | AB97: 112.3 | AC97: 117.2 | AD97: 124.8 | AE97: 1
A98: Rural | B98: 2015 | C98: September | D98: 125.1 | E98: 131.1 | F98: 120.7 | G98: 129.2 | H98: 114.7 | I98: 132.3 | J98: 158.9 | K98: 142.1 | L98: 92.5 | M98: 125.4 | N98: 121.9 | O98: 132.7 | P98: 131 | Q98: 131 | R98: 130.4 | S98: 126.8 | T98: 129.9 | U98: NA | V98: 123.7 | W98: 124.5 | X98: 121.4 | Y98: 113.8 | Z98: 119.6 | AA98: 124.5 | AB98: 113.7 | AC98: 118.8 | AD98: 127 | AE98: 1
A99: Urban | B99: 2015 | C99: September | D99: 123.4 | E99: 129 | F99: 115.6 | G99: 128.3 | H99: 107 | I99: 124 | J99: 168.5 | K99: 165.4 | L99: 86.3 | M99: 134.4 | N99: 119.1 | O99: 132.3 | P99: 131.5 | Q99: 134.7 | R99: 124 | S99: 118.6 | T99: 123.2 | U99: 121.6 | V99: 115.1 | W99: 120.4 | X99: 117.1 | Y99: 109.1 | Z99: 117.3 | AA99: 126.5 | AB99: 112.9 | AC99: 116.2 | AD99: 123.5 | AE99: 1
A100: Rural+Urban | B100: 2015 | C100: September | D100: 124.6 | E100: 130.4 | F100: 118.7 | G100: 128.9 | H100: 111.9 | I100: 128.4 | J100: 162.2 | K100: 150 | L100: 90.4 | M100: 128.4 | N100: 120.7 | O100: 132.5 | P100: 131.2 | Q100: 132 | R100: 127.9 | S100: 123.4 | T100: 127.2 | U100: 121.6 | V100: 120.4 | W100: 122.6 | X100: 119.8 | Y100: 111.3 | Z100: 118.3 | AA100: 125.7 | AB100: 113.4 | AC100: 117.5 | AD100: 125.4 | AE100: 1
...

Sheet objective 1
D4: objective 1 | I4: Sector | J4: Year | K4: Month | L4: Cereals and products | M4: Meat and fish | N4: Egg | O4: Milk and products | P4: Oils and fats | Q4: Fruits | R4: Vegetables | S4: Pulses and products | T4: Sugar and Confectionery | U4: Spices | V4: Non-alcoholic beverages | W4: Prepared meals, snacks, sweets etc. | X4: Food and beverages2 | Y4: Pan, tobacco and intoxicants | Z4: Clothing | AA4: Footwear | AB4: Clothing and footwear2 | AC4: Housing | AD4: Fuel and light | AE4: Household goods and services | AF4: Health | AG4: Transport and communication | AH4: Recreation and amusement | AI4: Education | AJ4: Personal care and effects | AK4: Miscellaneous | AL4: General index2
E5: first we identify the latest month i.e MAY 2023 | I5: {=_xlfn._xlws.FILTER(data!A2:'data'!AD373,(data!A2:'data'!A373="rural+urban")*(data!C2:'data'!C373="may")*(data!B2:'data'!B373=2023))} -> Rural+Urban | J5: 2023 | K5: May | L5: 173.7 | M5: 214.3 | N5: 173.2 | O5: 179.5 | P5: 170 | Q5: 172.2 | R5: 161 | S5: 175.6 | T5: 122.7 | U5: 218 | V5: 173.4 | W5: 194.2 | X5: 179.1 | Y5: 201 | Z5: 187.3 | AA5: 179.7 | AB5: 186.2 | AC5: 175.6 | AD5: 182.8 | AE5: 175.2 | AF5: 185.7 | AG5: 164.8 | AH5: 171.2 | AI5: 177.1 | AJ5: 185.2 | AK5: 175.7 | AL5: 179.1
A7: Food contribution = Food index ÷ Total of all bucket indices × 100 | E7: Bucket | F7: Broader Category Index | I7: contribution | K7: Bucket | L7: Sum of contribution
E8: Food | F8: =AVERAGE(L5:W5) -> 177.31667 | I8: =(F8/$F$20)*100 -> 8.2277062 | K8: Clothing & Footwear | L8: 8.5146202
E9: Clothing & Footwear | F9: =AVERAGE(Z5:AA5) -> 183.5 | I9: =(F9/$F$20)*100 -> 8.5146202 | K9: Education | L9: 8.2176526
E10: Housing | F10: 175.6 | I10: =(F10/$F$20)*100 -> 8.1480508 | K10: Energy | L10: 8.4821394
E11: Energy | F11: 182.8 | I11: =(F11/$F$20)*100 -> 8.4821394 | K11: Food | L11: 8.2277062
E12: Household | F12: 175.2 | I12: =(F12/$F$20)*100 -> 8.1294903 | K12: Health | L12: 8.6167029
E13: Health | F13: 185.7 | I13: =(F13/$F$20)*100 -> 8.6167029 | K13: Household | L13: 8.1294903
E14: Transport & Communication | F14: 164.8 | I14: =(F14/$F$20)*100 -> 7.6469178 | K14: Housing | L14: 8.1480508
E15: Recreation | F15: 171.2 | I15: =(F15/$F$20)*100 -> 7.9438855 | K15: Miscellaneous | L15: 8.1526909
E16: Education | F16: 177.1 | I16: =(F16/$F$20)*100 -> 8.2176526 | K16: Pan, Tobacco & Intoxicants | L16: 9.3266412
E17: Personal Care | F17: 185.2 | I17: =(F17/$F$20)*100 -> 8.5935023 | K17: Personal Care | L17: 8.5935023
E18: Pan, Tobacco & Intoxicants | F18: 201 | I18: =(F18/$F$20)*100 -> 9.3266412 | K18: Recreation | L18: 7.9438855
E19: Miscellaneous | F19: 175.7 | I19: =(F19/$F$20)*100 -> 8.1526909 | K19: total
E20: total | F20: =SUM(F8:F19) -> 2155.1167 | K20: Transport & Communication | L20: 7.6469178
K21: Grand Total | L21: 100
D25: The individual CPI categories were grouped into broader categories. The contribution of each broader category was calculated as its broader-category index relative to the sum of all broader-category indices. The contributions sum to 100%

Sheet objective 2 
E3: create a graph depicting the growth rate y-y and identify the year with high inflation rate
G5: average of the monthly General Index values for each year.
M6: Year | N6: Sum of inflation
E7: Year | F7: inflation | G7: start cpi | H7: end cpi after 12 months | M7: 2017 | N7: 5.0652341
A8: as instructor information we are using january | E8: 2017 | F8: =((H8-G8)/G8)*100 -> 5.0652341 | G8: =AVERAGEIFS(data!$AD$2:'data'!$AD$373,data!$A$2:'data'!$A$373,"rural+urban",data!$B$2:'data'!$B$373,E8,data!$C$2:'data'!$C$373,"january") -> 130.3 | H8: =AVERAGEIFS(data!$AD$2:'data'!$AD$373,data!$A$2:'data'!$A$373,"rural+urban",data!$B$2:'data'!$B$373,E8+1,data!$C$2:'data'!$C$373,"january") -> 136.9 | M8: 2018 | N8: 1.9722425
A9: as staring month | E9: 2018 | F9: =((H9-G9)/G9)*100 -> 1.9722425 | G9: =AVERAGEIFS(data!$AD$2:'data'!$AD$373,data!$A$2:'data'!$A$373,"rural+urban",data!$B$2:'data'!$B$373,E9,data!$C$2:'data'!$C$373,"january") -> 136.9 | H9: =AVERAGEIFS(data!$AD$2:'data'!$AD$373,data!$A$2:'data'!$A$373,"rural+urban",data!$B$2:'data'!$B$373,E9+1,data!$C$2:'data'!$C$373,"january") -> 139.6 | M9: 2019 | N9: 7.5931232
E10: 2019 | F10: =((H10-G10)/G10)*100 -> 7.5931232 | G10: =AVERAGEIFS(data!$AD$2:'data'!$AD$373,data!$A$2:'data'!$A$373,"rural+urban",data!$B$2:'data'!$B$373,E10,data!$C$2:'data'!$C$373,"january") -> 139.6 | H10: =AVERAGEIFS(data!$AD$2:'data'!$AD$373,data!$A$2:'data'!$A$373,"rural+urban",data!$B$2:'data'!$B$373,E10+1,data!$C$2:'data'!$C$373,"january") -> 150.2 | M10: 2020 | N10: 4.7270306
A11: as we are choosing january as a starting month | E11: 2020 | F11: =((H11-G11)/G11)*100 -> 4.7270306 | G11: =AVERAGEIFS(data!$AD$2:'data'!$AD$373,data!$A$2:'data'!$A$373,"rural+urban",data!$B$2:'data'!$B$373,E11,data!$C$2:'data'!$C$373,"january") -> 150.2 | H11: =AVERAGEIFS(data!$AD$2:'data'!$AD$373,data!$A$2:'data'!$A$373,"rural+urban",data!$B$2:'data'!$B$373,E11+1,data!$C$2:'data'!$C$373,"january") -> 157.3 | M11: 2021 | N11: 5.3401144
A12: so we dont have the end year for 2023 so we are | E12: 2021 | F12: =((H12-G12)/G12)*100 -> 5.3401144 | G12: =AVERAGEIFS(data!$AD$2:'data'!$AD$373,data!$A$2:'data'!$A$373,"rural+urban",data!$B$2:'data'!$B$373,E12,data!$C$2:'data'!$C$373,"january") -> 157.3 | H12: =AVERAGEIFS(data!$AD$2:'data'!$AD$373,data!$A$2:'data'!$A$373,"rural+urban",data!$B$2:'data'!$B$373,E12+1,data!$C$2:'data'!$C$373,"january") -> 165.7 | M12: 2022 | N12: 6.5178033
A13: discarding it | E13: 2022 | F13: =((H13-G13)/G13)*100 -> 6.5178033 | G13: =AVERAGEIFS(data!$AD$2:'data'!$AD$373,data!$A$2:'data'!$A$373,"rural+urban",data!$B$2:'data'!$B$373,E13,data!$C$2:'data'!$C$373,"january") -> 165.7 | H13: =AVERAGEIFS(data!$AD$2:'data'!$AD$373,data!$A$2:'data'!$A$373,"rural+urban",data!$B$2:'data'!$B$373,E13+1,data!$C$2:'data'!$C$373,"january") -> 176.5 | M13: Grand Total | N13: 31.215548

Sheet objective 3
C1: MONTH OVER MONTH INFLATION
J2: Column1 | K2: Rural+Urban
C3: MONTH | D3: FOOD INDEX | E3: FOOD MOM INFLATION
C4: 44682 | D4: 172.13333 | J4: Year | K4: Month2 | L4: Average of Meat and fish | M4: Average of Cereals and products | N4: Average of Oils and fats | O4: Average of Egg | P4: Average of Milk and products | Q4: Average of Fruits | R4: Average of Pulses and products | S4: Average of Sugar and Confectionery | T4: Average of Spices | U4: Average of Non-alcoholic beverages | V4: Average of Vegetables | W4: Average of Prepared meals, snacks, sweets etc. | X4: food broader bucket
C5: 44713 | D5: 173.91667 | E5: =((D5-D4)/D4)*100 -> 1.0360186 | J5: 2022 | K5: January | L5: 198.7 | M5: 149.5 | N5: 184.7 | O5: 178.8 | P5: 160.5 | Q5: 153.7 | R5: 163.9 | S5: 120 | T5: 172.1 | U5: 164.3 | V5: 174.3 | W5: 177.3
C6: 44743 | D6: 174.275 | E6: =((D6-D5)/D5)*100 -> 0.20603737 | K6: February | L6: 200.6 | M6: 150 | N6: 184.9 | O6: 175.8 | P6: 160.7 | Q6: 153.7 | R6: 163.7 | S6: 118.9 | T6: 174.3 | U6: 164.7 | V6: 169.7 | W6: 178
C7: 44774 | D7: 174.40833 | E7: =((D7-D6)/D6)*100 -> 0.076507436 | K7: March | L7: 210.7 | M7: 151.3 | N7: 194.6 | O7: 167.8 | P7: 162.2 | Q7: 157.6 | R7: 163.9 | S7: 118.8 | T7: 177.4 | U7: 165.3 | V7: 166.9 | W7: 179.3
C8: 44805 | D8: 175.25833 | E8: =((D8-D7)/D7)*100 -> 0.48736203 | K8: April | L8: 211.8 | M8: 152.9 | N8: 199.5 | O8: 164.5 | P8: 163.9 | Q8: 172.6 | R8: 164.7 | S8: 119 | T8: 181.3 | U8: 166.2 | V8: 166.2 | W8: 180.9
C9: 44835 | D9: 176.475 | E9: =((D9-D8)/D8)*100 -> 0.6942133 | K9: May | L9: 217 | M9: 154.1 | N9: 202.4 | O9: 162.4 | P9: 164.9 | Q9: 171 | R9: 164.7 | S9: 119.7 | T9: 184.9 | U9: 167.1 | V9: 174.9 | W9: 182.5 | X9: =AVERAGE(L9:W9) -> 172.13333
C10: 44866 | D10: 176.54167 | E10: =((D10-D9)/D9)*100 -> 0.037776833 | K10: June | L10: 219.4 | M10: 155 | N10: 200.9 | O10: 170.8 | P10: 165.8 | Q10: 169.7 | R10: 164.3 | S10: 119.9 | T10: 187.1 | U10: 167.9 | V10: 182.3 | W10: 183.9 | X10: =AVERAGE(L10:W10) -> 173.91667
C11: 44896 | D11: 175.625 | E11: =((D11-D10)/D10)*100 -> -0.51923531 | K11: July | L11: 213 | M11: 156.5 | N11: 195.8 | O11: 175.2 | P11: 166.6 | Q11: 174.2 | R11: 164.3 | S11: 120 | T11: 190 | U11: 168.4 | V11: 182.1 | W11: 185.2 | X11: =AVERAGE(L11:W11) -> 174.275
C12: 44927 | D12: 176.33333 | E12: =((D12-D11)/D11)*100 -> 0.40332147 | K12: August | L12: 206.5 | M12: 160.3 | N12: 192.4 | O12: 169.2 | P12: 168.1 | Q12: 172.9 | R12: 167.2 | S12: 120.9 | T12: 193.6 | U12: 168.8 | V12: 186.7 | W12: 186.3 | X12: =AVERAGE(L12:W12) -> 174.40833
C13: 44958 | D13: 175.175 | E13: =((D13-D12)/D12)*100 -> -0.65689981 | K13: September | L13: 209.2 | M13: 163.5 | N13: 188.7 | O13: 169.7 | P13: 169.7 | Q13: 165.7 | R13: 169.1 | S13: 121.6 | T13: 197.3 | U13: 169.4 | V13: 191.8 | W13: 187.4 | X13: =AVERAGE(L13:W13) -> 175.25833
C14: 44986 | D14: 175.18333 | E14: =((D14-D13)/D13)*100 -> 0.0047571476 | K14: October | L14: 210.9 | M14: 165.2 | N14: 186.5 | O14: 170.9 | P14: 170.9 | Q14: 163.8 | R14: 169.8 | S14: 121.9 | T14: 199.9 | U14: 169.9 | V14: 199.7 | W14: 188.3 | X14: =AVERAGE(L14:W14) -> 176.475
C15: 45017 | D15: 175.975 | E15: =((D15-D14)/D14)*100 -> 0.45190753 | K15: November | L15: 209.4 | M15: 167.4 | N15: 188.9 | O15: 181.4 | P15: 172.3 | Q15: 160.7 | R15: 170.5 | S15: 122.1 | T15: 202.8 | U15: 170.4 | V15: 183.1 | W15: 189.5 | X15: =AVERAGE(L15:W15) -> 176.54167
C16: 45047 | D16: 177.31667 | E16: =((D16-D15)/D15)*100 -> 0.7624189 | K16: December | L16: 209 | M16: 169.2 | N16: 188.5 | O16: 190.2 | P16: 173.6 | Q16: 158 | R16: 170.8 | S16: 121.8 | T16: 205.2 | U16: 171 | V16: 159.9 | W16: 190.3 | X16: =AVERAGE(L16:W16) -> 175.625
J17: 2022 Total | L17: 209.68333 | M17: 157.90833 | N17: 192.31667 | O17: 173.05833 | P17: 166.6 | Q17: 164.46667 | R17: 166.40833 | S17: 120.38333 | T17: 188.825 | U17: 167.78333 | V17: 178.13333 | W17: 184.075
J18: 2023 | K18: January | L18: 210.7 | M18: 173.8 | N18: 187.2 | O18: 194.5 | P18: 174.6 | Q18: 158.3 | R18: 170.9 | S18: 121.1 | T18: 208.4 | U18: 171.4 | V18: 153.9 | W18: 191.2 | X18: =AVERAGE(L18:W18) -> 176.33333
K19: February | L19: 207.7 | M19: 174.4 | N19: 179.3 | O19: 175.2 | P19: 177.3 | Q19: 169.5 | R19: 171 | S19: 120 | T19: 209.7 | U19: 172.3 | V19: 152.7 | W19: 193 | X19: =AVERAGE(L19:W19) -> 175.175
B20: MONTH | C20: Sum of FOOD MOM INFLATION | K20: March | L20: 207.7 | M20: 174.4 | N20: 179.2 | O20: 175.2 | P20: 177.3 | Q20: 169.5 | R20: 171.1 | S20: 120 | T20: 209.7 | U20: 172.3 | V20: 152.8 | W20: 193 | X20: =AVERAGE(L20:W20) -> 175.18333
B21: 44713 | C21: 1.0360186 | K21: April | L21: 209.3 | M21: 173.8 | N21: 174.9 | O21: 169.6 | P21: 178.4 | Q21: 176.3 | R21: 173.4 | S21: 121.3 | T21: 212.9 | U21: 172.9 | V21: 155.4 | W21: 193.5 | X21: =AVERAGE(L21:W21) -> 175.975
B22: 44743 | C22: 0.20603737 | K22: May | L22: 214.3 | M22: 173.7 | N22: 170 | O22: 173.2 | P22: 179.5 | Q22: 172.2 | R22: 175.6 | S22: 122.7 | T22: 218 | U22: 173.4 | V22: 161 | W22: 194.2 | X22: =AVERAGE(L22:W22) -> 177.31667
B23: 44774 | C23: 0.076507436 | J23: 2023 Total | L23: 209.94 | M23: 174.02 | N23: 178.12 | O23: 177.54 | P23: 177.42 | Q23: 169.16 | R23: 172.4 | S23: 121.02 | T23: 211.74 | U23: 172.46 | V23: 155.16 | W23: 192.98
B24: 44805 | C24: 0.48736203 | J24: Grand Total | L24: 209.75882 | M24: 162.64706 | N24: 188.14118 | O24: 174.37647 | P24: 169.78235 | Q24: 165.84706 | R24: 168.17059 | S24: 120.57059 | T24: 195.56471 | U24: 169.15882 | V24: 171.37647 | W24: 186.69412
B25: 44835 | C25: 0.6942133
B26: 44866 | C26: 0.037776833
B27: 44896 | C27: -0.51923531
B28: 44927 | C28: 0.40332147
B29: 44958 | C29: -0.65689981
B30: 44986 | C30: 0.0047571476
B31: 45017 | C31: 0.45190753
B32: 45047 | C32: 0.7624189
B33: Grand Total | C33: 2.9841855
M38: The biggest individual category contributor
E39: now second part absolute change in inflation over same 12 months
L40: Category | M40: 22-Jun | N40: 23-May | O40: 12-month change %
L41: Average of Meat and fish | M41: 219.4 | N41: 214.3 | O41: =((N41-M41)/M41)*100 -> -2.3245214
D42: MONTH | E42: FOOD INDEX | F42: FOOD MOM INFLATION | G42: absolute change inflation | L42: Average of Cereals and products | M42: 155 | N42: 173.7 | O42: =((N42-M42)/M42)*100 -> 12.064516
D43: 44682 | E43: 172.13333 | L43: Average of Oils and fats | M43: 200.9 | N43: 170 | O43: =((N43-M43)/M43)*100 -> -15.380786
D44: 44713 | E44: 173.91667 | F44: 1.0360186 | G44: =ABS(F45-F44) -> 0.82998122 | L44: Average of Egg | M44: 170.8 | N44: 173.2 | O44: =((N44-M44)/M44)*100 -> 1.4051522
D45: 44743 | E45: 174.275 | F45: 0.20603737 | G45: =ABS(F45-F44) -> 0.82998122 | L45: Average of Milk and products | M45: 165.8 | N45: 179.5 | O45: =((N45-M45)/M45)*100 -> 8.2629674
D46: 44774 | E46: 174.40833 | F46: 0.076507436 | G46: =ABS(F46-F45) -> 0.12952994 | L46: Average of Fruits | M46: 169.7 | N46: 172.2 | O46: =((N46-M46)/M46)*100 -> 1.473188
D47: 44805 | E47: 175.25833 | F47: 0.48736203 | G47: =ABS(F47-F46) -> 0.4108546 | L47: Average of Pulses and products | M47: 164.3 | N47: 175.6 | O47: =((N47-M47)/M47)*100 -> 6.8776628
D48: 44835 | E48: 176.475 | F48: 0.6942133 | G48: =ABS(F48-F47) -> 0.20685127 | L48: Average of Sugar and Confectionery | M48: 119.9 | N48: 122.7 | O48: =((N48-M48)/M48)*100 -> 2.3352794
D49: 44866 | E49: 176.54167 | F49: 0.037776833 | G49: =ABS(F49-F48) -> 0.65643647 | L49: Average of Spices | M49: 187.1 | N49: 218 | O49: =((N49-M49)/M49)*100 -> 16.515232
D50: 44896 | E50: 175.625 | F50: -0.51923531 | G50: =ABS(F50-F49) -> 0.55701214 | L50: Average of Non-alcoholic beverages | M50: 167.9 | N50: 173.4 | O50: =((N50-M50)/M50)*100 -> 3.2757594
D51: 44927 | E51: 176.33333 | F51: 0.40332147 | G51: =ABS(F51-F50) -> 0.92255678 | L51: Average of Vegetables | M51: 182.3 | N51: 161 | O51: =((N51-M51)/M51)*100 -> -11.684037
D52: 44958 | E52: 175.175 | F52: -0.65689981 | G52: =ABS(F52-F51) -> 1.0602213 | L52: Average of Prepared meals, snacks, sweets etc. | M52: 183.9 | N52: 194.2 | O52: =((N52-M52)/M52)*100 -> 5.60087
D53: 44986 | E53: 175.18333 | F53: 0.0047571476 | G53: =ABS(F53-F52) -> 0.66165696
D54: 45017 | E54: 175.975 | F54: 0.45190753 | G54: =ABS(F54-F53) -> 0.44715038
D55: 45047 | E55: 177.31667 | F55: 0.7624189 | G55: =ABS(F55-F54) -> 0.31051138

Sheet objective 4
C2: Month | D2: Inflation % | E2: General Index | F2: period | J2: Sector | K2: Year | L2: Month | M2: Cereals and products | N2: Meat and fish | O2: Egg | P2: Milk and products | Q2: Oils and fats | R2: Fruits | S2: Vegetables | T2: Pulses and products | U2: Sugar and Confectionery | V2: Spices | W2: Non-alcoholic beverages | X2: Prepared meals, snacks, sweets etc. | Y2: Food and beverages2 | Z2: Pan, tobacco and intoxicants | AA2: Clothing | AB2: Footwear | AC2: Clothing and footwear2 | AD2: Housing | AE2: Fuel and light | AF2: Household goods and services | AG2: Health | AH2: Transport and communication | AI2: Recreation and amusement | AJ2: Education | AK2: Personal care and effects | AL2: Miscellaneous | AM2: General index2
C3: 43800 | E3: 150.4 | F3: =IF(ROW()=6,"COVID onset",IF(ROW()<6,"Before COVID","After COVID")) -> Before COVID | J3: {=_xlfn._xlws.FILTER(data!A2:'data'!AD373,(data!B2:'data'!B373=2020)*(data!A2:'data'!A373="rural+urban"))} -> Rural+Urban | K3: 2020 | L3: January | M3: 144.3 | N3: 167.4 | O3: 154.9 | P3: 150.1 | Q3: 129.9 | R3: 143.2 | S3: 197 | T3: 140.4 | U3: 114.1 | V3: 150.9 | W3: 136.1 | X3: 158.6 | Y3: 153.5 | Z3: 169.2 | AA3: 150.5 | AB3: 141.5 | AC3: 149.2 | AD3: 153.9 | AE3: 144.6 | AF3: 146.2 | AG3: 151.2 | AH3: 130.9 | AI3: 142.8 | AJ3: 156.1 | AK3: 142.3 | AL3: 143.4 | AM3: 150.2
C4: 43831 | D4: =((E4-E3)/E3)*100 -> -0.13297872 | E4: 150.2 | F4: =IF(ROW()=6,"COVID onset",IF(ROW()<6,"Before COVID","After COVID")) -> Before COVID | J4: Rural+Urban | K4: 2020 | L4: February | M4: 144.8 | N4: 167.5 | O4: 151.8 | P4: 150.8 | Q4: 131.4 | R4: 141.8 | S4: 170.7 | T4: 141.1 | U4: 113.6 | V4: 152 | W4: 136.5 | X4: 159.1 | Y4: 150.5 | Z4: 170.1 | AA4: 150.8 | AB4: 141.7 | AC4: 149.5 | AD4: 154.8 | AE4: 147.2 | AF4: 146.4 | AG4: 151.7 | AH4: 130.3 | AI4: 143.2 | AJ4: 156.2 | AK4: 143.4 | AL4: 143.6 | AM4: 149.1
C5: 43862 | D5: =((E5-E4)/E4)*100 -> -0.73235686 | E5: 149.1 | F5: =IF(ROW()=6,"COVID onset",IF(ROW()<6,"Before COVID","After COVID")) -> Before COVID | J5: Rural+Urban | K5: 2020 | L5: March | M5: 145.1 | N5: 167 | O5: 148.1 | P5: 151.5 | Q5: 131.2 | R5: 142.5 | S5: 157.3 | T5: 141.1 | U5: 113.2 | V5: 153.2 | W5: 136.7 | X5: 159.6 | Y5: 148.9 | Z5: 171.2 | AA5: 151.2 | AB5: 141.9 | AC5: 149.8 | AD5: 154.5 | AE5: 148.9 | AF5: 146.4 | AG5: 152.3 | AH5: 129.9 | AI5: 143.7 | AJ5: 156.1 | AK5: 145.2 | AL5: 143.8 | AM5: 148.6
C6: 43891 | D6: =((E6-E5)/E5)*100 -> -0.33534541 | E6: 148.6 | F6: =IF(ROW()=6,"COVID onset",IF(ROW()<6,"Before COVID","After COVID")) -> COVID onset | J6: Rural+Urban | K6: 2020 | L6: April | M6: 148.7 | N6: 175.56667 | O6: 148.8 | P6: 155.6 | Q6: 135.1 | R6: 149.9 | S6: 168.6 | T6: 150.4 | U6: 120.3 | V6: 157.1 | W6: 136.8 | X6: 160.33333 | Y6: 151.4 | Z6: 175.3 | AA6: 151.63333 | AB6: 142.73333 | AC6: 150.33333 | AD6: 155.6 | AE6: 144.1 | AF6: 146.4 | AG6: 150.7 | AH6: 131.6 | AI6: 145.23333 | AJ6: 156.2 | AK6: 147.33333 | AL6: 144.86667 | AM6: 149.66667
C7: 43922 | D7: =((E7-E6)/E6)*100 -> 0.71781068 | E7: 149.66667 | F7: =IF(ROW()=6,"COVID onset",IF(ROW()<6,"Before COVID","After COVID")) -> After COVID | J7: Rural+Urban | K7: 2020 | L7: May | M7: 149.15 | N7: 184.13333 | O7: 150.1 | P7: 154.45 | Q7: 135.7 | R7: 148.55 | S7: 162.55 | T7: 150.65 | U7: 117.25 | V7: 158.3 | W7: 138.1 | X7: 161.06667 | Y7: 152.7 | Z7: 179.4 | AA7: 152.06667 | AB7: 143.56667 | AC7: 150.86667 | AD7: 155.3 | AE7: 143 | AF7: 146.4 | AG7: 152.55 | AH7: 133.3 | AI7: 146.76667 | AJ7: 156.3 | AK7: 149.46667 | AL7: 145.93333 | AM7: 150.73333
C8: 43952 | D8: =((E8-E7)/E7)*100 -> 0.71269488 | E8: 150.73333 | F8: =IF(ROW()=6,"COVID onset",IF(ROW()<6,"Before COVID","After COVID")) -> After COVID | J8: Rural+Urban | K8: 2020 | L8: June | M8: 149.6 | N8: 192.7 | O8: 151.4 | P8: 153.3 | Q8: 136.3 | R8: 147.2 | S8: 156.5 | T8: 150.9 | U8: 114.2 | V8: 159.5 | W8: 139.4 | X8: 161.8 | Y8: 154 | Z8: 183.5 | AA8: 152.5 | AB8: 144.4 | AC8: 151.4 | AD8: 154.7 | AE8: 141.9 | AF8: 146.4 | AG8: 154.4 | AH8: 135 | AI8: 148.3 | AJ8: 156.4 | AK8: 151.6 | AL8: 147 | AM8: 151.8
C9: 43983 | D9: =((E9-E8)/E8)*100 -> 0.70765148 | E9: 151.8 | F9: =IF(ROW()=6,"COVID onset",IF(ROW()<6,"Before COVID","After COVID")) -> After COVID | J9: Rural+Urban | K9: 2020 | L9: July | M9: 149.6 | N9: 192.7 | O9: 151.4 | P9: 153.3 | Q9: 136.3 | R9: 147.2 | S9: 156.5 | T9: 150.9 | U9: 114.2 | V9: 159.5 | W9: 139.4 | X9: 161.8 | Y9: 154 | Z9: 183.5 | AA9: 152.5 | AB9: 144.4 | AC9: 151.4 | AD9: 154.7 | AE9: 141.9 | AF9: 146.4 | AG9: 154.4 | AH9: 135 | AI9: 148.3 | AJ9: 156.4 | AK9: 151.6 | AL9: 147 | AM9: 151.8
C10: 44013 | D10: =((E10-E9)/E9)*100 -> 0 | E10: 151.8 | F10: =IF(ROW()=6,"COVID onset",IF(ROW()<6,"Before COVID","After COVID")) -> After COVID | J10: Rural+Urban | K10: 2020 | L10: August | M10: 148.9 | N10: 190.9 | O10: 150.8 | P10: 153.3 | Q10: 137.4 | R10: 150.4 | S10: 178.1 | T10: 150.4 | U10: 115.1 | V10: 160 | W10: 140.6 | X10: 162.3 | Y10: 157 | Z10: 182.6 | AA10: 153.1 | AB10: 143.4 | AC10: 151.7 | AD10: 155.5 | AE10: 143 | AF10: 148.4 | AG10: 155 | AH10: 138.5 | AI10: 146 | AJ10: 158.5 | AK10: 154.3 | AL10: 149 | AM10: 153.9
C11: 44044 | D11: =((E11-E10)/E10)*100 -> 1.3833992 | E11: 153.9 | F11: =IF(ROW()=6,"COVID onset",IF(ROW()<6,"Before COVID","After COVID")) -> After COVID | J11: Rural+Urban | K11: 2020 | L11: September | M11: 148.4 | N11: 187.1 | O11: 152.5 | P11: 153.6 | Q11: 138.2 | R11: 150.9 | S11: 186.7 | T11: 149.8 | U11: 116.4 | V11: 160.3 | W11: 142.2 | X11: 162.9 | Y11: 158 | Z11: 184.4 | AA11: 153.4 | AB11: 144.3 | AC11: 152 | AD11: 156.3 | AE11: 142.9 | AF11: 148.7 | AG11: 155.6 | AH11: 139.6 | AI11: 146.6 | AJ11: 157.5 | AK11: 158.4 | AL11: 150 | AM11: 154.7
C12: 44075 | D12: =((E12-E11)/E11)*100 -> 0.51981806 | E12: 154.7 | F12: =IF(ROW()=6,"COVID onset",IF(ROW()<6,"Before COVID","After COVID")) -> After COVID | J12: Rural+Urban | K12: 2020 | L12: October | M12: 147.5 | N12: 188.9 | O12: 161.4 | P12: 153.6 | Q12: 140.1 | R12: 151.2 | S12: 209.2 | T12: 150.9 | U12: 116.2 | V12: 161 | W12: 144 | X12: 163.2 | Y12: 161.4 | Z12: 184.3 | AA12: 153.7 | AB12: 144.6 | AC12: 152.3 | AD12: 156.5 | AE12: 143.1 | AF12: 148.7 | AG12: 156.3 | AH12: 140.6 | AI12: 146.5 | AJ12: 158.5 | AK12: 157 | AL12: 150.4 | AM12: 156.4
C13: 44105 | D13: =((E13-E12)/E12)*100 -> 1.0989011 | E13: 156.4 | F13: =IF(ROW()=6,"COVID onset",IF(ROW()<6,"Before COVID","After COVID")) -> After COVID | J13: Rural+Urban | K13: 2020 | L13: November | M13: 146.8 | N13: 191 | O13: 173.6 | P13: 153.8 | Q13: 142.7 | R13: 148.4 | S13: 230 | T13: 156.8 | U13: 115.7 | V13: 161.8 | W13: 146.5 | X13: 163.8 | Y13: 164.7 | Z13: 184.8 | AA13: 154.3 | AB13: 144.9 | AC13: 152.8 | AD13: 158 | AE13: 143.6 | AF13: 149.2 | AG13: 157.2 | AH13: 140.4 | AI13: 148.4 | AJ13: 158.6 | AK13: 156.9 | AL13: 150.7 | AM13: 158.4
C14: 44136 | D14: =((E14-E13)/E13)*100 -> 1.2787724 | E14: 158.4 | F14: =IF(ROW()=6,"COVID onset",IF(ROW()<6,"Before COVID","After COVID")) -> After COVID | J14: Rural+Urban | K14: 2020 | L14: December | M14: 146 | N14: 191 | O14: 175.3 | P14: 154.1 | Q14: 146.6 | R14: 147.7 | S14: 230.5 | T14: 160.2 | U14: 115.3 | V14: 163 | W14: 149.2 | X14: 164.8 | Y14: 165.4 | Z14: 185.4 | AA14: 155 | AB14: 145.4 | AC14: 153.6 | AD14: 158.4 | AE14: 144.6 | AF14: 149.7 | AG14: 158.3 | AH14: 140.7 | AI14: 148.5 | AJ14: 159.4 | AK14: 157.1 | AL14: 151.2 | AM14: 158.9
C15: 44166 | D15: =((E15-E14)/E14)*100 -> 0.31565657 | E15: 158.9 | F15: =IF(ROW()=6,"COVID onset",IF(ROW()<6,"Before COVID","After COVID")) -> After COVID
R17: Sector | S17: Rural+Urban
R19: Year | S19: Month | T19: Average of Cereals and products | U19: Average of Meat and fish | V19: Average of Egg | W19: Average of Milk and products | X19: Average of Oils and fats | Y19: Average of Fruits | Z19: Average of Vegetables | AA19: Average of Pulses and products | AB19: Average of Sugar and Confectionery | AC19: Average of Spices | AD19: Average of Non-alcoholic beverages | AE19: Average of Prepared meals, snacks, sweets etc. | AF19: average
R20: 2019 | S20: January | T20: 137.1 | U20: 151.4 | V20: 140.2 | W20: 142.1 | X20: 121.8 | Y20: 135.4 | Z20: 131.3 | AA20: 120.3 | AB20: 109.1 | AC20: 139.4 | AD20: 133.3 | AE20: 154.6 | AF20: =AVERAGE(T20:AE20) -> 134.66667
S21: February | T21: 137.6 | U21: 152 | V21: 141.5 | W21: 142.2 | X21: 122 | Y21: 136.4 | Z21: 129.7 | AA21: 121 | AB21: 109 | AC21: 139.7 | AD21: 133.6 | AE21: 154.9 | AF21: =AVERAGE(T21:AE21) -> 134.96667
S22: March | T22: 137.8 | U22: 153 | V22: 140.3 | W22: 142.3 | X22: 122 | Y22: 137.6 | Z22: 132.6 | AA22: 121.8 | AB22: 109 | AC22: 139.5 | AD22: 133.7 | AE22: 155.2 | AF22: =AVERAGE(T22:AE22) -> 135.4
S23: May | T23: 138.3 | U23: 158.5 | V23: 136 | W23: 142.5 | X23: 122 | Y23: 146.5 | Z23: 143 | AA23: 124.9 | AB23: 109.9 | AC23: 139.9 | AD23: 134 | AE23: 155.5 | AF23: =AVERAGE(T23:AE23) -> 137.58333
S24: June | T24: 138.7 | U24: 162.1 | V24: 137.8 | W24: 143.3 | X24: 122.2 | Y24: 146.8 | Z24: 150.5 | AA24: 128.3 | AB24: 111 | AC24: 140.6 | AD24: 134.2 | AE24: 155.9 | AF24: =AVERAGE(T24:AE24) -> 139.28333
S25: July | T25: 139.3 | U25: 162.7 | V25: 140 | W25: 144 | X25: 122.5 | Y25: 150.3 | Z25: 160.3 | AA25: 130 | AB25: 111.1 | AC25: 141.7 | AD25: 134.7 | AE25: 156.2 | AF25: =AVERAGE(T25:AE25) -> 141.06667
S26: August | T26: 140.1 | U26: 160.6 | V26: 138.5 | W26: 144.7 | X26: 122.9 | Y26: 149.4 | Z26: 167.4 | AA26: 130.9 | AB26: 112 | AC26: 142.6 | AD26: 134.9 | AE26: 156.6 | AF26: =AVERAGE(T26:AE26) -> 141.71667
S27: September | T27: 140.9 | U27: 160.8 | V27: 139.6 | W27: 145.4 | X27: 123.5 | Y27: 146.6 | Z27: 173.2 | AA27: 131.6 | AB27: 113.2 | AC27: 144.1 | AD27: 135 | AE27: 156.8 | AF27: =AVERAGE(T27:AE27) -> 142.55833
S28: October | T28: 141.8 | U28: 161 | V28: 142.6 | W28: 146.2 | X28: 123.9 | Y28: 148 | Z28: 188.4 | AA28: 132.5 | AB28: 114 | AC28: 145.4 | AD28: 135.1 | AE28: 157.1 | AF28: =AVERAGE(T28:AE28) -> 144.66667
S29: November | T29: 142.5 | U29: 163.2 | V29: 145.6 | W29: 146.7 | X29: 124.3 | Y29: 147.4 | Z29: 199.6 | AA29: 135.7 | AB29: 114.2 | AC29: 147 | AD29: 135.3 | AE29: 157.5 | AF29: =AVERAGE(T29:AE29) -> 146.58333
S30: December | T30: 143.5 | U30: 165 | V30: 151.1 | W30: 148.3 | X30: 125.7 | Y30: 145.7 | Z30: 217 | AA30: 138.3 | AB30: 114 | AC30: 148.7 | AD30: 135.8 | AE30: 158 | AF30: =AVERAGE(T30:AE30) -> 149.25833
R31: 2019 Total | T31: 139.78182 | U31: 159.11818 | V31: 141.2 | W31: 144.33636 | X31: 122.98182 | Y31: 144.55455 | Z31: 163 | AA31: 128.66364 | AB31: 111.5 | AC31: 142.6 | AD31: 134.50909 | AE31: 156.20909
R32: 2020 | S32: January | T32: 144.3 | U32: 167.4 | V32: 154.9 | W32: 150.1 | X32: 129.9 | Y32: 143.2 | Z32: 197 | AA32: 140.4 | AB32: 114.1 | AC32: 150.9 | AD32: 136.1 | AE32: 158.6 | AF32: =AVERAGE(T32:AE32) -> 148.90833
S33: February | T33: 144.8 | U33: 167.5 | V33: 151.8 | W33: 150.8 | X33: 131.4 | Y33: 141.8 | Z33: 170.7 | AA33: 141.1 | AB33: 113.6 | AC33: 152 | AD33: 136.5 | AE33: 159.1 | AF33: =AVERAGE(T33:AE33) -> 146.75833
S34: March | T34: 145.1 | U34: 167 | V34: 148.1 | W34: 151.5 | X34: 131.2 | Y34: 142.5 | Z34: 157.3 | AA34: 141.1 | AB34: 113.2 | AC34: 153.2 | AD34: 136.7 | AE34: 159.6 | AF34: =AVERAGE(T34:AE34) -> 145.54167
S35: April | T35: 148.7 | U35: 175.56667 | V35: 148.8 | W35: 155.6 | X35: 135.1 | Y35: 149.9 | Z35: 168.6 | AA35: 150.4 | AB35: 120.3 | AC35: 157.1 | AD35: 136.8 | AE35: 160.33333 | AF35: =AVERAGE(T35:AE35) -> 150.6
S36: May | T36: 149.15 | U36: 184.13333 | V36: 150.1 | W36: 154.45 | X36: 135.7 | Y36: 148.55 | Z36: 162.55 | AA36: 150.65 | AB36: 117.25 | AC36: 158.3 | AD36: 138.1 | AE36: 161.06667 | AF36: =AVERAGE(T36:AE36) -> 150.83333
S37: June | T37: 149.6 | U37: 192.7 | V37: 151.4 | W37: 153.3 | X37: 136.3 | Y37: 147.2 | Z37: 156.5 | AA37: 150.9 | AB37: 114.2 | AC37: 159.5 | AD37: 139.4 | AE37: 161.8 | AF37: =AVERAGE(T37:AE37) -> 151.06667
S38: July | T38: 149.6 | U38: 192.7 | V38: 151.4 | W38: 153.3 | X38: 136.3 | Y38: 147.2 | Z38: 156.5 | AA38: 150.9 | AB38: 114.2 | AC38: 159.5 | AD38: 139.4 | AE38: 161.8 | AF38: =AVERAGE(T38:AE38) -> 151.06667
S39: August | T39: 148.9 | U39: 190.9 | V39: 150.8 | W39: 153.3 | X39: 137.4 | Y39: 150.4 | Z39: 178.1 | AA39: 150.4 | AB39: 115.1 | AC39: 160 | AD39: 140.6 | AE39: 162.3 | AF39: =AVERAGE(T39:AE39) -> 153.18333
S40: September | T40: 148.4 | U40: 187.1 | V40: 152.5 | W40: 153.6 | X40: 138.2 | Y40: 150.9 | Z40: 186.7 | AA40: 149.8 | AB40: 116.4 | AC40: 160.3 | AD40: 142.2 | AE40: 162.9 | AF40: =AVERAGE(T40:AE40) -> 154.08333
S41: October | T41: 147.5 | U41: 188.9 | V41: 161.4 | W41: 153.6 | X41: 140.1 | Y41: 151.2 | Z41: 209.2 | AA41: 150.9 | AB41: 116.2 | AC41: 161 | AD41: 144 | AE41: 163.2 | AF41: =AVERAGE(T41:AE41) -> 157.26667
S42: November | T42: 146.8 | U42: 191 | V42: 173.6 | W42: 153.8 | X42: 142.7 | Y42: 148.4 | Z42: 230 | AA42: 156.8 | AB42: 115.7 | AC42: 161.8 | AD42: 146.5 | AE42: 163.8 | AF42: =AVERAGE(T42:AE42) -> 160.90833
S43: December | T43: 146 | U43: 191 | V43: 175.3 | W43: 154.1 | X43: 146.6 | Y43: 147.7 | Z43: 230.5 | AA43: 160.2 | AB43: 115.3 | AC43: 163 | AD43: 149.2 | AE43: 164.8 | AF43: =AVERAGE(T43:AE43) -> 161.975
R44: 2020 Total | T44: 147.40417 | U44: 182.99167 | V44: 155.84167 | W44: 153.12083 | X44: 136.74167 | Y44: 147.4125 | Z44: 183.6375 | AA44: 149.4625 | AB44: 115.4625 | AC44: 158.05 | AD44: 140.45833 | AE44: 161.60833
G45: Period | H45: Average | R45: Grand Total | T45: 143.7587 | U45: 171.57391 | V45: 148.83913 | W45: 148.91957 | X45: 130.16087 | Y45: 146.04565 | Z45: 173.76739 | AA45: 139.51522 | AB45: 113.56739 | AC45: 150.66087 | AD45: 137.61304 | AE45: 159.02609
G46: Before COVID | H46: =AVERAGEIF(F3:F15,"before covid",D3:D15) -> -0.43266779
G47: COVID onset | H47: =AVERAGEIF(F3:F15,"covid onset",D3:D15) -> -0.33534541 | R47: Sector | S47: Rural+Urban | V47: Sector | W47: (All)
G48: After COVID | H48: =AVERAGEIF(F3:F15,"after covid",D3:D15) -> 0.74830048
R49: Year | S49: Month | T49: Average of Health | V49: Year | W49: Month | X49: Average of Clothing | Y49: Average of Footwear | Z49: Average of Fuel and light | AA49: Average of Household goods and services | AB49: Average of Transport and communication | AC49: Average of Education | AD49: average overall
R50: 2019 | S50: January | T50: 145.1 | V50: 2019 | W50: January | X50: 147.06667 | Y50: 138.16667 | Z50: 138.1 | AA50: 143.33333 | AB50: 123.5 | AC50: 150.66667 | AD50: =AVERAGE(X50:AC50) -> 140.13889
S51: February | T51: 145.6 | W51: February | X51: 147.16667 | Y51: 138.86667 | Z51: 136.93333 | AA51: 143.46667 | AB51: 124.1 | AC51: 150.8 | AD51: =AVERAGE(X51:AC51) -> 140.22222
S52: March | T52: 146.2 | W52: March | X52: 147.4 | Y52: 139.06667 | Z52: 138.3 | AA52: 143.53333 | AB52: 124.8 | AC52: 150.83333 | AD52: =AVERAGE(X52:AC52) -> 140.65556
S53: May | T53: 146.9 | W53: May | X53: 147.9 | Y53: 139.56667 | Z53: 138.86667 | AA53: 143.46667 | AB53: 125.06667 | AC53: 152.1 | AD53: =AVERAGE(X53:AC53) -> 141.16111
C54: MONTH | D54: ESSENTIAL BUCKET INDEX | E54: INFLATION % | G54: Month | H54: Food Index | I54: Food Inflation % | K54: Month | L54: Health Index | M54: Health Inflation % | S54: June | T54: 147.4 | W54: June | X54: 148.1 | Y54: 139.53333 | Z54: 139.83333 | AA54: 143.6 | AB54: 124.8 | AC54: 153.03333 | AD54: =AVERAGE(X54:AC54) -> 141.48333
C55: 43800 | D55: 144.1 | G55: 43800 | H55: 149.26 | K55: 43800 | L55: 150.4 | S55: July | T55: 147.9 | W55: July | X55: 148.4 | Y55: 139.66667 | Z55: 137.7 | AA55: 143.96667 | AB55: 125.8 | AC55: 154.5 | AD55: =AVERAGE(X55:AC55) -> 141.67222
C56: 43831 | D56: 144.65 | E56: =((D56-D55)/D55)*100 -> 0.38167939 | G56: 43831 | H56: 148.90833 | I56: =((H56-H55)/H55)*100 -> -0.23560677 | K56: 43831 | L56: 151.2 | M56: =((L56-L55)/L55)*100 -> 0.53191489 | S56: August | T56: 148.5 | W56: August | X56: 148.63333 | Y56: 139.8 | Z56: 136.8 | AA56: 144.26667 | AB56: 126 | AC56: 155.36667 | AD56: =AVERAGE(X56:AC56) -> 141.81111
C57: 43862 | D57: 145.14444 | E57: =((D57-D56)/D56)*100 -> 0.34182125 | G57: 43862 | H57: 146.75833 | I57: =((H57-H56)/H56)*100 -> -1.4438413 | K57: 43862 | L57: 151.7 | M57: =((L57-L56)/L56)*100 -> 0.33068783 | S57: September | T57: 149 | W57: September | X57: 148.73333 | Y57: 139.8 | Z57: 137.56667 | AA57: 144.4 | AB57: 126.3 | AC57: 155.66667 | AD57: =AVERAGE(X57:AC57) -> 142.07778
C58: 43891 | D58: 145.45 | E58: =((D58-D57)/D57)*100 -> 0.21051826 | G58: 43891 | H58: 145.54167 | I58: =((H58-H57)/H57)*100 -> -0.82902731 | K58: 43891 | L58: 152.3 | M58: =((L58-L57)/L57)*100 -> 0.39551747 | S58: October | T58: 149.4 | W58: October | X58: 149 | Y58: 139.96667 | Z58: 139.06667 | AA58: 144.76667 | AB58: 126.5 | AC58: 155.93333 | AD58: =AVERAGE(X58:AC58) -> 142.53889
C59: 43922 | D59: 145.18148 | E59: =((D59-D58)/D58)*100 -> -0.18461225 | G59: 43922 | H59: 150.6 | I59: =((H59-H58)/H58)*100 -> 3.4755225 | K59: 43922 | L59: 150.7 | M59: =((L59-L58)/L58)*100 -> -1.0505581 | S59: November | T59: 149.9 | W59: November | X59: 149.5 | Y59: 140.2 | Z59: 140.96667 | AA59: 145.1 | AB59: 126.8 | AC59: 156.03333 | AD59: =AVERAGE(X59:AC59) -> 143.1
C60: 43952 | D60: 145.53796 | E60: =((D60-D59)/D59)*100 -> 0.24554198 | G60: 43952 | H60: 150.83333 | I60: =((H60-H59)/H59)*100 -> 0.15493581 | K60: 43952 | L60: 152.55 | M60: =((L60-L59)/L59)*100 -> 1.2276045 | S60: December | T60: 150.4 | W60: December | X60: 149.9 | Y60: 140.46667 | Z60: 142.4 | AA60: 145.6 | AB60: 130 | AC60: 156.23333 | AD60: =AVERAGE(X60:AC60) -> 144.1
C61: 43983 | D61: 145.89444 | E61: =((D61-D60)/D60)*100 -> 0.24494055 | G61: 43983 | H61: 151.06667 | I61: =((H61-H60)/H60)*100 -> 0.15469613 | K61: 43983 | L61: 154.4 | M61: =((L61-L60)/L60)*100 -> 1.2127171 | R61: 2019 Total | T61: 147.84545 | V61: 2019 Total | X61: 148.34545 | Y61: 139.55455 | Z61: 138.77576 | AA61: 144.13636 | AB61: 125.78788 | AC61: 153.74242
C62: 44013 | D62: 145.89444 | E62: =((D62-D61)/D61)*100 -> 0 | G62: 44013 | H62: 151.06667 | I62: =((H62-H61)/H61)*100 -> 0 | K62: 44013 | L62: 154.4 | M62: =((L62-L61)/L61)*100 -> 0 | R62: 2020 | S62: January | T62: 151.2 | V62: 2020 | W62: January | X62: 150.1 | Y62: 140.7 | Z62: 143.36667 | AA62: 146 | AB62: 131.1 | AC62: 156.63333 | AD62: =AVERAGE(X62:AC62) -> 144.65
C63: 44044 | D63: 147.26111 | E63: =((D63-D62)/D62)*100 -> 0.93675031 | G63: 44044 | H63: 153.18333 | I63: =((H63-H62)/H62)*100 -> 1.4011474 | K63: 44044 | L63: 155 | M63: =((L63-L62)/L62)*100 -> 0.38860104 | S63: February | T63: 151.7 | W63: February | X63: 150.36667 | Y63: 140.9 | Z63: 146.13333 | AA63: 146.2 | AB63: 130.5 | AC63: 156.76667 | AD63: =AVERAGE(X63:AC63) -> 145.14444
C64: 44075 | D64: 147.47222 | E64: =((D64-D63)/D63)*100 -> 0.14335836 | G64: 44075 | H64: 154.08333 | I64: =((H64-H63)/H63)*100 -> 0.58753128 | K64: 44075 | L64: 155.6 | M64: =((L64-L63)/L63)*100 -> 0.38709677 | S64: March | T64: 152.3 | W64: March | X64: 150.76667 | Y64: 141.1 | Z64: 147.9 | AA64: 146.23333 | AB64: 130.1 | AC64: 156.6 | AD64: =AVERAGE(X64:AC64) -> 145.45
C65: 44105 | D65: 147.95 | E65: =((D65-D64)/D64)*100 -> 0.32397815 | G65: 44105 | H65: 157.26667 | I65: =((H65-H64)/H64)*100 -> 2.0659816 | K65: 44105 | L65: 156.3 | M65: =((L65-L64)/L64)*100 -> 0.44987147 | S65: April | T65: 150.7 | W65: April | X65: 151.21111 | Y65: 141.95556 | Z65: 143.2 | AA65: 146.21111 | AB65: 131.81111 | AC65: 156.7 | AD65: =AVERAGE(X65:AC65) -> 145.18148
C66: 44136 | D66: 148.21111 | E66: =((D66-D65)/D65)*100 -> 0.17648605 | G66: 44136 | H66: 160.90833 | I66: =((H66-H65)/H65)*100 -> 2.3155998 | K66: 44136 | L66: 157.2 | M66: =((L66-L65)/L65)*100 -> 0.57581574 | S66: May | T66: 152.55 | W66: May | X66: 151.65556 | Y66: 142.81111 | Z66: 142.25 | AA66: 146.18889 | AB66: 133.52222 | AC66: 156.8 | AD66: =AVERAGE(X66:AC66) -> 145.53796
C67: 44166 | D67: 148.84444 | E67: =((D67-D66)/D66)*100 -> 0.42731839 | G67: 44166 | H67: 161.975 | I67: =((H67-H66)/H66)*100 -> 0.66290331 | K67: 44166 | L67: 158.3 | M67: =((L67-L66)/L66)*100 -> 0.69974555 | S67: June | T67: 154.4 | W67: June | X67: 152.1 | Y67: 143.66667 | Z67: 141.3 | AA67: 146.16667 | AB67: 135.23333 | AC67: 156.9 | AD67: =AVERAGE(X67:AC67) -> 145.89444
S68: July | T68: 154.4 | W68: July | X68: 152.1 | Y68: 143.66667 | Z68: 141.3 | AA68: 146.16667 | AB68: 135.23333 | AC68: 156.9 | AD68: =AVERAGE(X68:AC68) -> 145.89444
S69: August | T69: 155 | W69: August | X69: 152.73333 | Y69: 142.63333 | Z69: 142.36667 | AA69: 148.26667 | AB69: 138.66667 | AC69: 158.9 | AD69: =AVERAGE(X69:AC69) -> 147.26111
S70: September | T70: 155.6 | W70: September | X70: 153 | Y70: 143.5 | Z70: 142.16667 | AA70: 148.56667 | AB70: 139.76667 | AC70: 157.83333 | AD70: =AVERAGE(X70:AC70) -> 147.47222
S71: October | T71: 156.3 | W71: October | X71: 153.3 | Y71: 143.76667 | Z71: 142.33333 | AA71: 148.6 | AB71: 140.8 | AC71: 158.9 | AD71: =AVERAGE(X71:AC71) -> 147.95
S72: November | T72: 157.2 | W72: November | X72: 153.9 | Y72: 144.1 | Z72: 142.8 | AA72: 149.03333 | AB72: 140.56667 | AC72: 158.86667 | AD72: =AVERAGE(X72:AC72) -> 148.21111
F73: MONTH | G73: Food Inflation % | H73: Health Inflation % | I73: Essential Inflation % | S73: December | T73: 158.3 | W73: December | X73: 154.63333 | Y73: 144.56667 | Z73: 143.73333 | AA73: 149.53333 | AB73: 140.86667 | AC73: 159.73333 | AD73: =AVERAGE(X73:AC73) -> 148.84444
F74: 43831 | G74: -0.23560677 | H74: 0.53191489 | I74: 0.38167939 | R74: 2020 Total | T74: 154.1375 | V74: 2020 Total | X74: 152.15556 | Y74: 142.78056 | Z74: 143.2375 | AA74: 147.26389 | AB74: 135.68056 | AC74: 157.62778
F75: 43862 | G75: -1.4438413 | H75: 0.33068783 | I75: 0.34182125 | R75: Grand Total | T75: 151.12826 | V75: Grand Total | X75: 150.33333 | Y75: 141.23768 | Z75: 141.10362 | AA75: 145.76812 | AB75: 130.94928 | AC75: 155.76957
F76: 43891 | G76: -0.82902731 | H76: 0.39551747 | I76: 0.21051826
F77: 43922 | G77: 3.4755225 | H77: -1.0505581 | I77: -0.18461225
F78: 43952 | G78: 0.15493581 | H78: 1.2276045 | I78: 0.24554198
F79: 43983 | G79: 0.15469613 | H79: 1.2127171 | I79: 0.24494055
F80: 44013 | G80: 0 | H80: 0 | I80: 0
F81: 44044 | G81: 1.4011474 | H81: 0.38860104 | I81: 0.93675031
F82: 44075 | G82: 0.58753128 | H82: 0.38709677 | I82: 0.14335836
F83: 44105 | G83: 2.0659816 | H83: 0.44987147 | I83: 0.32397815
F84: 44136 | G84: 2.3155998 | H84: 0.57581574 | I84: 0.17648605
F85: 44166 | G85: 0.66290331 | H85: 0.69974555 | I85: 0.42731839

Sheet objective 5
D1: THE DATASET WE ARE ONLY INCLUDE THE DATA FROM JAN-21- MAY-23 | AG1: Sector | AH1: Rural+Urban
C2: Month | D2: Imported Oil Price | E2: Oil Price MoM % | F2: general index | G2: general index% | H2: Average Food and beverages2 | I2: food and beverages | J2: Average Pan, tobacco and intoxicants | K2: pan tobacco | L2: Average Clothing and footwear2 | M2: clothing and footwear | N2: Average Housing | O2: housing | P2: Average Fuel and light | Q2: FUEL&LIGHT | R2: Average Household goods and services | S2: HOSEHOLD GOODS | T2: Average Health | U2: HEALTH | V2: Average Transport and communication | W2: TRANSPORT AND COMMUNICATION | X2: Average Recreation and amusement | Y2: RECREATION AND AMUSEMENT | Z2: Average Education | AA2: EDUCATION | AB2: Average Personal care and effects | AC2: health care | AD2: Average Miscellaneous | AE2: miscellaneous | BF2: Month | BG2: Imported Oil Price | BH2: Oil Price MoM % | BI2: Average Food and beverages2 | BJ2: Average Pan, tobacco and intoxicants | BK2: Average Clothing and footwear2 | BL2: Average Housing | BM2: Average Fuel and light | BN2: Average Household goods and services | BO2: Average Health | BP2: Average Transport and communication | BQ2: Average Recreation and amusement | BR2: Average Education | BS2: Average Personal care and effects | BT2: Average Miscellaneous
C3: 44166 | D3: 49.84 | F3: 158.9 | H3: 165.4 | J3: 185.4 | L3: 153.6 | N3: 158.4 | P3: 144.6 | R3: 149.7 | T3: 158.3 | V3: 140.7 | X3: 148.5 | Z3: 159.4 | AB3: 157.1 | AD3: 151.2 | AG3: Year | AH3: Month | AI3: Average of General index2 | BF3: 44166 | BG3: 49.84 | BI3: 165.4 | BJ3: 185.4 | BK3: 153.6 | BL3: 158.4 | BM3: 144.6 | BN3: 149.7 | BO3: 158.3 | BP3: 140.7 | BQ3: 148.5 | BR3: 159.4 | BS3: 157.1 | BT3: 151.2
C4: 44197 | D4: 54.79 | E4: 9.9317817 | F4: 157.3 | G4: =((F4-F3)/F3)*100 -> -1.0069226 | H4: 161 | I4: =((H4-H3)/H3)*100 -> -2.6602177 | J4: 186.5 | K4: =((J4-J3)/J3)*100 -> 0.59331176 | L4: 154.2 | M4: =((L4-L3)/L3)*100 -> 0.390625 | N4: 157.7 | O4: =((N4-N3)/N3)*100 -> -0.44191919 | P4: 147.9 | Q4: =((P4-P3)/P3)*100 -> 2.2821577 | R4: 150 | S4: =((R4-R3)/R3)*100 -> 0.2004008 | T4: 159.3 | U4: =((T4-T3)/T3)*100 -> 0.63171194 | V4: 141.9 | W4: =((V4-V3)/V3)*100 -> 0.85287846 | X4: 149.6 | Y4: =((X4-X3)/X3)*100 -> 0.74074074 | Z4: 159.2 | AA4: =((Z4-Z3)/Z3)*100 -> -0.12547051 | AB4: 156.8 | AC4: =((AB4-AB3)/AB3)*100 -> -0.19096117 | AD4: 151.9 | AE4: =((AD4-AD3)/AD3)*100 -> 0.46296296 | AG4: 2020 | AH4: January | AI4: 150.2 | BF4: 44197 | BG4: 54.79 | BH4: =((BG4-BG3)/BG3)*100 -> 9.9317817 | BI4: 161 | BJ4: 186.5 | BK4: 154.2 | BL4: 157.7 | BM4: 147.9 | BN4: 150 | BO4: 159.3 | BP4: 141.9 | BQ4: 149.6 | BR4: 159.2 | BS4: 156.8 | BT4: 151.9
C5: 44228 | D5: 61.22 | E5: 11.735718 | F5: 156.6 | G5: =((F5-F4)/F4)*100 -> -0.44500954 | H5: 156.9 | I5: =((H5-H4)/H4)*100 -> -2.5465839 | J5: 188.3 | K5: =((J5-J4)/J4)*100 -> 0.96514745 | L5: 155.8 | M5: =((L5-L4)/L4)*100 -> 1.0376135 | N5: 159.8 | O5: =((N5-N4)/N4)*100 -> 1.3316424 | P5: 152.4 | Q5: =((P5-P4)/P4)*100 -> 3.0425963 | R5: 150.9 | S5: =((R5-R4)/R4)*100 -> 0.6 | T5: 161.3 | U5: =((T5-T4)/T4)*100 -> 1.2554928 | V5: 145.1 | W5: =((V5-V4)/V4)*100 -> 2.2551092 | X5: 151.5 | Y5: =((X5-X4)/X4)*100 -> 1.2700535 | Z5: 159.5 | AA5: =((Z5-Z4)/Z4)*100 -> 0.18844221 | AB5: 155.8 | AC5: =((AB5-AB4)/AB4)*100 -> -0.6377551 | AD5: 153.4 | AE5: =((AD5-AD4)/AD4)*100 -> 0.98749177 | AH5: February | AI5: 149.1 | BF5: 44228 | BG5: 61.22 | BH5: =((BG5-BG4)/BG4)*100 -> 11.735718 | BI5: 156.9 | BJ5: 188.3 | BK5: 155.8 | BL5: 159.8 | BM5: 152.4 | BN5: 150.9 | BO5: 161.3 | BP5: 145.1 | BQ5: 151.5 | BR5: 159.5 | BS5: 155.8 | BT5: 153.4
C6: 44256 | D6: 64.73 | E6: 5.7334205 | F6: 156.8 | G6: =((F6-F5)/F5)*100 -> 0.12771392 | H6: 156.7 | I6: =((H6-H5)/H5)*100 -> -0.12746973 | J6: 188.1 | K6: =((J6-J5)/J5)*100 -> -0.10621349 | L6: 156.4 | M6: =((L6-L5)/L5)*100 -> 0.38510911 | N6: 159.9 | O6: =((N6-N5)/N5)*100 -> 0.062578223 | P6: 155.5 | Q6: =((P6-P5)/P5)*100 -> 2.0341207 | R6: 151.2 | S6: =((R6-R5)/R5)*100 -> 0.19880716 | T6: 161.7 | U6: =((T6-T5)/T5)*100 -> 0.24798512 | V6: 146.2 | W6: =((V6-V5)/V5)*100 -> 0.75809786 | X6: 152.6 | Y6: =((X6-X5)/X5)*100 -> 0.72607261 | Z6: 160.2 | AA6: =((Z6-Z5)/Z5)*100 -> 0.43887147 | AB6: 153.8 | AC6: =((AB6-AB5)/AB5)*100 -> -1.283697 | AD6: 153.8 | AE6: =((AD6-AD5)/AD5)*100 -> 0.26075619 | AH6: March | AI6: 148.6 | BF6: 44256 | BG6: 64.73 | BH6: =((BG6-BG5)/BG5)*100 -> 5.7334205 | BI6: 156.7 | BJ6: 188.1 | BK6: 156.4 | BL6: 159.9 | BM6: 155.5 | BN6: 151.2 | BO6: 161.7 | BP6: 146.2 | BQ6: 152.6 | BR6: 160.2 | BS6: 153.8 | BT6: 153.8
C7: 44287 | D7: 63.4 | E7: -2.0546887 | F7: 157.8 | G7: =((F7-F6)/F6)*100 -> 0.6377551 | H7: 158 | I7: =((H7-H6)/H6)*100 -> 0.82961072 | J7: 188.8 | K7: =((J7-J6)/J6)*100 -> 0.37214248 | L7: 157.3 | M7: =((L7-L6)/L6)*100 -> 0.57544757 | N7: 161.4 | O7: =((N7-N6)/N6)*100 -> 0.9380863 | P7: 155.6 | Q7: =((P7-P6)/P6)*100 -> 0.064308682 | R7: 151.8 | S7: =((R7-R6)/R6)*100 -> 0.3968254 | T7: 162.3 | U7: =((T7-T6)/T6)*100 -> 0.37105751 | V7: 146.6 | W7: =((V7-V6)/V6)*100 -> 0.27359781 | X7: 153.2 | Y7: =((X7-X6)/X6)*100 -> 0.3931848 | Z7: 160.3 | AA7: =((Z7-Z6)/Z6)*100 -> 0.062421973 | AB7: 155.4 | AC7: =((AB7-AB6)/AB6)*100 -> 1.0403121 | AD7: 154.4 | AE7: =((AD7-AD6)/AD6)*100 -> 0.39011704 | AH7: April | AI7: 149.66667 | BF7: 44287 | BG7: 63.4 | BH7: =((BG7-BG6)/BG6)*100 -> -2.0546887 | BI7: 158 | BJ7: 188.8 | BK7: 157.3 | BL7: 161.4 | BM7: 155.6 | BN7: 151.8 | BO7: 162.3 | BP7: 146.6 | BQ7: 153.2 | BR7: 160.3 | BS7: 155.4 | BT7: 154.4
C8: 44317 | D8: 66.95 | E8: 5.5993691 | F8: 160.4 | G8: =((F8-F7)/F7)*100 -> 1.6476553 | H8: 160.7 | I8: =((H8-H7)/H7)*100 -> 1.7088608 | J8: 191.9 | K8: =((J8-J7)/J7)*100 -> 1.6419492 | L8: 160.4 | M8: =((L8-L7)/L7)*100 -> 1.9707565 | N8: 161.6 | O8: =((N8-N7)/N7)*100 -> 0.12391574 | P8: 159.4 | Q8: =((P8-P7)/P7)*100 -> 2.4421594 | R8: 154.7 | S8: =((R8-R7)/R7)*100 -> 1.9104084 | T8: 165.8 | U8: =((T8-T7)/T7)*100 -> 2.1565003 | V8: 148.9 | W8: =((V8-V7)/V7)*100 -> 1.568895 | X8: 155.8 | Y8: =((X8-X7)/X7)*100 -> 1.6971279 | Z8: 161.2 | AA8: =((Z8-Z7)/Z7)*100 -> 0.56144729 | AB8: 158.6 | AC8: =((AB8-AB7)/AB7)*100 -> 2.0592021 | AD8: 156.8 | AE8: =((AD8-AD7)/AD7)*100 -> 1.5544041 | AH8: May | AI8: 150.73333 | BF8: 44317 | BG8: 66.95 | BH8: =((BG8-BG7)/BG7)*100 -> 5.5993691 | BI8: 160.7 | BJ8: 191.9 | BK8: 160.4 | BL8: 161.6 | BM8: 159.4 | BN8: 154.7 | BO8: 165.8 | BP8: 148.9 | BQ8: 155.8 | BR8: 161.2 | BS8: 158.6 | BT8: 156.8
C9: 44348 | D9: 71.98 | E9: 7.5130695 | F9: 161.3 | G9: =((F9-F8)/F8)*100 -> 0.56109726 | H9: 162.6 | I9: =((H9-H8)/H8)*100 -> 1.1823273 | J9: 190.8 | K9: =((J9-J8)/J8)*100 -> -0.57321522 | L9: 160.7 | M9: =((L9-L8)/L8)*100 -> 0.18703242 | N9: 160.5 | O9: =((N9-N8)/N8)*100 -> -0.68069307 | P9: 159.8 | Q9: =((P9-P8)/P8)*100 -> 0.25094103 | R9: 154.8 | S9: =((R9-R8)/R8)*100 -> 0.064641241 | T9: 166.3 | U9: =((T9-T8)/T8)*100 -> 0.30156815 | V9: 150.7 | W9: =((V9-V8)/V8)*100 -> 1.208865 | X9: 154.9 | Y9: =((X9-X8)/X8)*100 -> -0.57766367 | Z9: 161.7 | AA9: =((Z9-Z8)/Z8)*100 -> 0.3101737 | AB9: 158.8 | AC9: =((AB9-AB8)/AB8)*100 -> 0.1261034 | AD9: 157.6 | AE9: =((AD9-AD8)/AD8)*100 -> 0.51020408 | AH9: June | AI9: 151.8 | BF9: 44348 | BG9: 71.98 | BH9: =((BG9-BG8)/BG8)*100 -> 7.5130695 | BI9: 162.6 | BJ9: 190.8 | BK9: 160.7 | BL9: 160.5 | BM9: 159.8 | BN9: 154.8 | BO9: 166.3 | BP9: 150.7 | BQ9: 154.9 | BR9: 161.7 | BS9: 158.8 | BT9: 157.6
C10: 44378 | D10: 73.54 | E10: 2.1672687 | F10: 162.5 | G10: =((F10-F9)/F9)*100 -> 0.74395536 | H10: 164 | I10: =((H10-H9)/H9)*100 -> 0.86100861 | J10: 191.2 | K10: =((J10-J9)/J9)*100 -> 0.20964361 | L10: 161.4 | M10: =((L10-L9)/L9)*100 -> 0.43559428 | N10: 161.5 | O10: =((N10-N9)/N9)*100 -> 0.62305296 | P10: 160.7 | Q10: =((P10-P9)/P9)*100 -> 0.56320401 | R10: 155.8 | S10: =((R10-R9)/R9)*100 -> 0.64599483 | T10: 167 | U10: =((T10-T9)/T9)*100 -> 0.42092604 | V10: 153.1 | W10: =((V10-V9)/V9)*100 -> 1.592568 | X10: 155.3 | Y10: =((X10-X9)/X9)*100 -> 0.25823112 | Z10: 163.2 | AA10: =((Z10-Z9)/Z9)*100 -> 0.92764378 | AB10: 160.1 | AC10: =((AB10-AB9)/AB9)*100 -> 0.8186398 | AD10: 159 | AE10: =((AD10-AD9)/AD9)*100 -> 0.88832487 | AH10: July | AI10: 151.8 | BF10: 44378 | BG10: 73.54 | BH10: =((BG10-BG9)/BG9)*100 -> 2.1672687 | BI10: 164 | BJ10: 191.2 | BK10: 161.4 | BL10: 161.5 | BM10: 160.7 | BN10: 155.8 | BO10: 167 | BP10: 153.1 | BQ10: 155.3 | BR10: 163.2 | BS10: 160.1 | BT10: 159
C11: 44409 | D11: 69.8 | E11: -5.0856677 | F11: 163.2 | G11: =((F11-F10)/F10)*100 -> 0.43076923 | H11: 164 | I11: =((H11-H10)/H10)*100 -> 0 | J11: 192.1 | K11: =((J11-J10)/J10)*100 -> 0.4707113 | L11: 163.2 | M11: =((L11-L10)/L10)*100 -> 1.1152416 | N11: 162.1 | O11: =((N11-N10)/N10)*100 -> 0.37151703 | P11: 162.6 | Q11: =((P11-P10)/P10)*100 -> 1.1823273 | R11: 157.5 | S11: =((R11-R10)/R10)*100 -> 1.0911425 | T11: 168.4 | U11: =((T11-T10)/T10)*100 -> 0.83832335 | V11: 154 | W11: =((V11-V10)/V10)*100 -> 0.58785108 | X11: 157.6 | Y11: =((X11-X10)/X10)*100 -> 1.4810045 | Z11: 163.8 | AA11: =((Z11-Z10)/Z10)*100 -> 0.36764706 | AB11: 160 | AC11: =((AB11-AB10)/AB10)*100 -> -0.062460962 | AD11: 160 | AE11: =((AD11-AD10)/AD10)*100 -> 0.62893082 | AH11: August | AI11: 153.9 | BF11: 44409 | BG11: 69.8 | BH11: =((BG11-BG10)/BG10)*100 -> -5.0856677 | BI11: 164 | BJ11: 192.1 | BK11: 163.2 | BL11: 162.1 | BM11: 162.6 | BN11: 157.5 | BO11: 168.4 | BP11: 154 | BQ11: 157.6 | BR11: 163.8 | BS11: 160 | BT11: 160
C12: 44440 | D12: 73.13 | E12: 4.7707736 | F12: 163.2 | G12: =((F12-F11)/F11)*100 -> 0 | H12: 164 | I12: =((H12-H11)/H11)*100 -> 0 | J12: 192.1 | K12: =((J12-J11)/J11)*100 -> 0 | L12: 163.3 | M12: =((L12-L11)/L11)*100 -> 0.06127451 | N12: 162.1 | O12: =((N12-N11)/N11)*100 -> 0 | P12: 162.6 | Q12: =((P12-P11)/P11)*100 -> 0 | R12: 157.5 | S12: =((R12-R11)/R11)*100 -> 0 | T12: 168.4 | U12: =((T12-T11)/T11)*100 -> 0 | V12: 154 | W12: =((V12-V11)/V11)*100 -> 0 | X12: 157.7 | Y12: =((X12-X11)/X11)*100 -> 0.063451777 | Z12: 163.7 | AA12: =((Z12-Z11)/Z11)*100 -> -0.061050061 | AB12: 160 | AC12: =((AB12-AB11)/AB11)*100 -> 0 | AD12: 160 | AE12: =((AD12-AD11)/AD11)*100 -> 0 | AH12: September | AI12: 154.7 | BF12: 44440 | BG12: 73.13 | BH12: =((BG12-BG11)/BG11)*100 -> 4.7707736 | BI12: 164 | BJ12: 192.1 | BK12: 163.3 | BL12: 162.1 | BM12: 162.6 | BN12: 157.5 | BO12: 168.4 | BP12: 154 | BQ12: 157.7 | BR12: 163.7 | BS12: 160 | BT12: 160
C13: 44470 | D13: 82.11 | E13: 12.279502 | F13: 165.5 | G13: =((F13-F12)/F12)*100 -> 1.4093137 | H13: 167.7 | I13: =((H13-H12)/H12)*100 -> 2.2560976 | J13: 192.7 | K13: =((J13-J12)/J12)*100 -> 0.31233732 | L13: 164.3 | M13: =((L13-L12)/L12)*100 -> 0.61236987 | N13: 163.6 | O13: =((N13-N12)/N12)*100 -> 0.92535472 | P13: 164.2 | Q13: =((P13-P12)/P12)*100 -> 0.98400984 | R13: 158.4 | S13: =((R13-R12)/R12)*100 -> 0.57142857 | T13: 169.1 | U13: =((T13-T12)/T12)*100 -> 0.41567696 | V13: 155.7 | W13: =((V13-V12)/V12)*100 -> 1.1038961 | X13: 158.6 | Y13: =((X13-X12)/X12)*100 -> 0.57070387 | Z13: 163.9 | AA13: =((Z13-Z12)/Z12)*100 -> 0.12217471 | AB13: 160.8 | AC13: =((AB13-AB12)/AB12)*100 -> 0.5 | AD13: 161 | AE13: =((AD13-AD12)/AD12)*100 -> 0.625 | AH13: October | AI13: 156.4 | BF13: 44470 | BG13: 82.11 | BH13: =((BG13-BG12)/BG12)*100 -> 12.279502 | BI13: 167.7 | BJ13: 192.7 | BK13: 164.3 | BL13: 163.6 | BM13: 164.2 | BN13: 158.4 | BO13: 169.1 | BP13: 155.7 | BQ13: 158.6 | BR13: 163.9 | BS13: 160.8 | BT13: 161
C14: 44501 | D14: 80.64 | E14: -1.7902813 | F14: 166.7 | G14: =((F14-F13)/F13)*100 -> 0.72507553 | H14: 169.7 | I14: =((H14-H13)/H13)*100 -> 1.1926058 | J14: 192.9 | K14: =((J14-J13)/J13)*100 -> 0.10378827 | L14: 165.8 | M14: =((L14-L13)/L13)*100 -> 0.91296409 | N14: 164.2 | O14: =((N14-N13)/N13)*100 -> 0.36674817 | P14: 163.9 | Q14: =((P14-P13)/P13)*100 -> -0.18270402 | R14: 159.3 | S14: =((R14-R13)/R13)*100 -> 0.56818182 | T14: 169.9 | U14: =((T14-T13)/T13)*100 -> 0.47309284 | V14: 154.8 | W14: =((V14-V13)/V13)*100 -> -0.57803468 | X14: 159.8 | Y14: =((X14-X13)/X13)*100 -> 0.75662043 | Z14: 164.3 | AA14: =((Z14-Z13)/Z13)*100 -> 0.24405125 | AB14: 162.2 | AC14: =((AB14-AB13)/AB13)*100 -> 0.87064677 | AD14: 161.4 | AE14: =((AD14-AD13)/AD13)*100 -> 0.2484472 | AH14: November | AI14: 158.4 | BF14: 44501 | BG14: 80.64 | BH14: =((BG14-BG13)/BG13)*100 -> -1.7902813 | BI14: 169.7 | BJ14: 192.9 | BK14: 165.8 | BL14: 164.2 | BM14: 163.9 | BN14: 159.3 | BO14: 169.9 | BP14: 154.8 | BQ14: 159.8 | BR14: 164.3 | BS14: 162.2 | BT14: 161.4
C15: 44531 | D15: 73.3 | E15: -9.1021825 | F15: 166.2 | G15: =((F15-F14)/F14)*100 -> -0.29994001 | H15: 168.2 | I15: =((H15-H14)/H14)*100 -> -0.88391279 | J15: 192.4 | K15: =((J15-J14)/J14)*100 -> -0.25920166 | L15: 167 | M15: =((L15-L14)/L14)*100 -> 0.72376357 | N15: 163.4 | O15: =((N15-N14)/N14)*100 -> -0.48721072 | P15: 164.1 | Q15: =((P15-P14)/P14)*100 -> 0.12202563 | R15: 160.2 | S15: =((R15-R14)/R14)*100 -> 0.56497175 | T15: 170.6 | U15: =((T15-T14)/T14)*100 -> 0.41200706 | V15: 155.7 | W15: =((V15-V14)/V14)*100 -> 0.58139535 | X15: 160.6 | Y15: =((X15-X14)/X14)*100 -> 0.50062578 | Z15: 164.4 | AA15: =((Z15-Z14)/Z14)*100 -> 0.060864273 | AB15: 162.6 | AC15: =((AB15-AB14)/AB14)*100 -> 0.24660912 | AD15: 162 | AE15: =((AD15-AD14)/AD14)*100 -> 0.37174721 | AH15: December | AI15: 158.9 | BF15: 44531 | BG15: 73.3 | BH15: =((BG15-BG14)/BG14)*100 -> -9.1021825 | BI15: 168.2 | BJ15: 192.4 | BK15: 167 | BL15: 163.4 | BM15: 164.1 | BN15: 160.2 | BO15: 170.6 | BP15: 155.7 | BQ15: 160.6 | BR15: 164.4 | BS15: 162.6 | BT15: 162
C16: 44562 | D16: 84.67 | E16: 15.511596 | F16: 165.7 | G16: =((F16-F15)/F15)*100 -> -0.30084236 | H16: 166.4 | I16: =((H16-H15)/H15)*100 -> -1.0701546 | J16: 192.2 | K16: =((J16-J15)/J15)*100 -> -0.1039501 | L16: 168.5 | M16: =((L16-L15)/L15)*100 -> 0.89820359 | N16: 164.5 | O16: =((N16-N15)/N15)*100 -> 0.67319461 | P16: 164.2 | Q16: =((P16-P15)/P15)*100 -> 0.060938452 | R16: 161.1 | S16: =((R16-R15)/R15)*100 -> 0.56179775 | T16: 171.4 | U16: =((T16-T15)/T15)*100 -> 0.46893318 | V16: 156.5 | W16: =((V16-V15)/V15)*100 -> 0.51380861 | X16: 161.2 | Y16: =((X16-X15)/X15)*100 -> 0.373599 | Z16: 164.7 | AA16: =((Z16-Z15)/Z15)*100 -> 0.18248175 | AB16: 163 | AC16: =((AB16-AB15)/AB15)*100 -> 0.24600246 | AD16: 162.7 | AE16: =((AD16-AD15)/AD15)*100 -> 0.43209877 | AG16: 2020 Total | AI16: 152.85 | BF16: 44562 | BG16: 84.67 | BH16: =((BG16-BG15)/BG15)*100 -> 15.511596 | BI16: 166.4 | BJ16: 192.2 | BK16: 168.5 | BL16: 164.5 | BM16: 164.2 | BN16: 161.1 | BO16: 171.4 | BP16: 156.5 | BQ16: 161.2 | BR16: 164.7 | BS16: 163 | BT16: 162.7
C17: 44593 | D17: 94.07 | E17: 11.101925 | F17: 166.1 | G17: =((F17-F16)/F16)*100 -> 0.24140012 | H17: 166.2 | I17: =((H17-H16)/H16)*100 -> -0.12019231 | J17: 192.8 | K17: =((J17-J16)/J16)*100 -> 0.31217482 | L17: 169.6 | M17: =((L17-L16)/L16)*100 -> 0.65281899 | N17: 165.5 | O17: =((N17-N16)/N16)*100 -> 0.60790274 | P17: 165.7 | Q17: =((P17-P16)/P16)*100 -> 0.9135201 | R17: 161.8 | S17: =((R17-R16)/R16)*100 -> 0.43451273 | T17: 172.2 | U17: =((T17-T16)/T16)*100 -> 0.46674446 | V17: 156.9 | W17: =((V17-V16)/V16)*100 -> 0.25559105 | X17: 162.1 | Y17: =((X17-X16)/X16)*100 -> 0.55831266 | Z17: 165.4 | AA17: =((Z17-Z16)/Z16)*100 -> 0.42501518 | AB17: 164.4 | AC17: =((AB17-AB16)/AB16)*100 -> 0.85889571 | AD17: 163.5 | AE17: =((AD17-AD16)/AD16)*100 -> 0.49170252 | AG17: 2021 | AH17: January | AI17: 157.3 | BF17: 44593 | BG17: 94.07 | BH17: =((BG17-BG16)/BG16)*100 -> 11.101925 | BI17: 166.2 | BJ17: 192.8 | BK17: 169.6 | BL17: 165.5 | BM17: 165.7 | BN17: 161.8 | BO17: 172.2 | BP17: 156.9 | BQ17: 162.1 | BR17: 165.4 | BS17: 164.4 | BT17: 163.5
C18: 44621 | D18: 112.87 | E18: 19.985117 | F18: 167.7 | G18: =((F18-F17)/F17)*100 -> 0.96327514 | H18: 168.4 | I18: =((H18-H17)/H17)*100 -> 1.3237064 | J18: 193.7 | K18: =((J18-J17)/J17)*100 -> 0.46680498 | L18: 171.1 | M18: =((L18-L17)/L17)*100 -> 0.88443396 | N18: 165.3 | O18: =((N18-N17)/N17)*100 -> -0.12084592 | P18: 167.2 | Q18: =((P18-P17)/P17)*100 -> 0.90525045 | R18: 162.8 | S18: =((R18-R17)/R17)*100 -> 0.61804697 | T18: 173 | U18: =((T18-T17)/T17)*100 -> 0.46457607 | V18: 157.9 | W18: =((V18-V17)/V17)*100 -> 0.63734863 | X18: 163.3 | Y18: =((X18-X17)/X17)*100 -> 0.74028378 | Z18: 166 | AA18: =((Z18-Z17)/Z17)*100 -> 0.36275695 | AB18: 167.2 | AC18: =((AB18-AB17)/AB17)*100 -> 1.703163 | AD18: 164.6 | AE18: =((AD18-AD17)/AD17)*100 -> 0.67278287 | AH18: February | AI18: 156.6 | BF18: 44621 | BG18: 112.87 | BH18: =((BG18-BG17)/BG17)*100 -> 19.985117 | BI18: 168.4 | BJ18: 193.7 | BK18: 171.1 | BL18: 165.3 | BM18: 167.2 | BN18: 162.8 | BO18: 173 | BP18: 157.9 | BQ18: 163.3 | BR18: 166 | BS18: 167.2 | BT18: 164.6
C19: 44652 | D19: 102.97 | E19: -8.7711527 | F19: 170.1 | G19: =((F19-F18)/F18)*100 -> 1.431127 | H19: 170.8 | I19: =((H19-H18)/H18)*100 -> 1.4251781 | J19: 193.9 | K19: =((J19-J18)/J18)*100 -> 0.10325245 | L19: 172.8 | M19: =((L19-L18)/L18)*100 -> 0.99357101 | N19: 167 | O19: =((N19-N18)/N18)*100 -> 1.0284332 | P19: 172.2 | Q19: =((P19-P18)/P18)*100 -> 2.9904306 | R19: 164 | S19: =((R19-R18)/R18)*100 -> 0.73710074 | T19: 174 | U19: =((T19-T18)/T18)*100 -> 0.57803468 | V19: 162.6 | W19: =((V19-V18)/V18)*100 -> 2.9765674 | X19: 164.4 | Y19: =((X19-X18)/X18)*100 -> 0.67360686 | Z19: 166.9 | AA19: =((Z19-Z18)/Z18)*100 -> 0.54216867 | AB19: 168.8 | AC19: =((AB19-AB18)/AB18)*100 -> 0.9569378 | AD19: 166.8 | AE19: =((AD19-AD18)/AD18)*100 -> 1.3365735 | AH19: March | AI19: 156.8 | BF19: 44652 | BG19: 102.97 | BH19: =((BG19-BG18)/BG18)*100 -> -8.7711527 | BI19: 170.8 | BJ19: 193.9 | BK19: 172.8 | BL19: 167 | BM19: 172.2 | BN19: 164 | BO19: 174 | BP19: 162.6 | BQ19: 164.4 | BR19: 166.9 | BS19: 168.8 | BT19: 166.8
C20: 44682 | D20: 109.51 | E20: 6.3513645 | F20: 171.7 | G20: =((F20-F19)/F19)*100 -> 0.94062316 | H20: 173.3 | I20: =((H20-H19)/H19)*100 -> 1.4637002 | J20: 194.1 | K20: =((J20-J19)/J19)*100 -> 0.10314595 | L20: 174.6 | M20: =((L20-L19)/L19)*100 -> 1.0416667 | N20: 167.5 | O20: =((N20-N19)/N19)*100 -> 0.2994012 | P20: 174.6 | Q20: =((P20-P19)/P19)*100 -> 1.3937282 | R20: 165.2 | S20: =((R20-R19)/R19)*100 -> 0.73170732 | T20: 174.8 | U20: =((T20-T19)/T19)*100 -> 0.45977011 | V20: 163 | W20: =((V20-V19)/V19)*100 -> 0.24600246 | X20: 165.1 | Y20: =((X20-X19)/X19)*100 -> 0.42579075 | Z20: 167.9 | AA20: =((Z20-Z19)/Z19)*100 -> 0.59916117 | AB20: 168.4 | AC20: =((AB20-AB19)/AB19)*100 -> -0.23696682 | AD20: 167.5 | AE20: =((AD20-AD19)/AD19)*100 -> 0.41966427 | AH20: April | AI20: 157.8 | BF20: 44682 | BG20: 109.51 | BH20: =((BG20-BG19)/BG19)*100 -> 6.3513645 | BI20: 173.3 | BJ20: 194.1 | BK20: 174.6 | BL20: 167.5 | BM20: 174.6 | BN20: 165.2 | BO20: 174.8 | BP20: 163 | BQ20: 165.1 | BR20: 167.9 | BS20: 168.4 | BT20: 167.5
C21: 44713 | D21: 116.01 | E21: 5.935531 | F21: 172.6 | G21: =((F21-F20)/F20)*100 -> 0.52417006 | H21: 174.9 | I21: =((H21-H20)/H20)*100 -> 0.92325447 | J21: 194.3 | K21: =((J21-J20)/J20)*100 -> 0.10303967 | L21: 176 | M21: =((L21-L20)/L20)*100 -> 0.80183276 | N21: 166.8 | O21: =((N21-N20)/N20)*100 -> -0.41791045 | P21: 176 | Q21: =((P21-P20)/P20)*100 -> 0.80183276 | R21: 166.4 | S21: =((R21-R20)/R20)*100 -> 0.72639225 | T21: 175.4 | U21: =((T21-T20)/T20)*100 -> 0.34324943 | V21: 161.1 | W21: =((V21-V20)/V20)*100 -> -1.1656442 | X21: 165.8 | Y21: =((X21-X20)/X20)*100 -> 0.42398546 | Z21: 169 | AA21: =((Z21-Z20)/Z20)*100 -> 0.65515188 | AB21: 169.4 | AC21: =((AB21-AB20)/AB20)*100 -> 0.59382423 | AD21: 167.5 | AE21: =((AD21-AD20)/AD20)*100 -> 0 | AH21: May | AI21: 160.4 | BF21: 44713 | BG21: 116.01 | BH21: =((BG21-BG20)/BG20)*100 -> 5.935531 | BI21: 174.9 | BJ21: 194.3 | BK21: 176 | BL21: 166.8 | BM21: 176 | BN21: 166.4 | BO21: 175.4 | BP21: 161.1 | BQ21: 165.8 | BR21: 169 | BS21: 169.4 | BT21: 167.5
C22: 44743 | D22: 105.49 | E22: -9.0681838 | F22: 173.4 | G22: =((F22-F21)/F21)*100 -> 0.46349942 | H22: 175 | I22: =((H22-H21)/H21)*100 -> 0.057175529 | J22: 194.6 | K22: =((J22-J21)/J21)*100 -> 0.15440041 | L22: 177.3 | M22: =((L22-L21)/L21)*100 -> 0.73863636 | N22: 167.8 | O22: =((N22-N21)/N21)*100 -> 0.59952038 | P22: 179.6 | Q22: =((P22-P21)/P21)*100 -> 2.0454545 | R22: 167.4 | S22: =((R22-R21)/R21)*100 -> 0.60096154 | T22: 176.1 | U22: =((T22-T21)/T21)*100 -> 0.3990878 | V22: 161.6 | W22: =((V22-V21)/V21)*100 -> 0.31036623 | X22: 166.3 | Y22: =((X22-X21)/X21)*100 -> 0.30156815 | Z22: 171.4 | AA22: =((Z22-Z21)/Z21)*100 -> 1.4201183 | AB22: 169.7 | AC22: =((AB22-AB21)/AB21)*100 -> 0.17709563 | AD22: 168.4 | AE22: =((AD22-AD21)/AD21)*100 -> 0.53731343 | AH22: June | AI22: 161.3 | BF22: 44743 | BG22: 105.49 | BH22: =((BG22-BG21)/BG21)*100 -> -9.0681838 | BI22: 175 | BJ22: 194.6 | BK22: 177.3 | BL22: 167.8 | BM22: 179.6 | BN22: 167.4 | BO22: 176.1 | BP22: 161.6 | BQ22: 166.3 | BR22: 171.4 | BS22: 169.7 | BT22: 168.4
C23: 44774 | D23: 97.4 | E23: -7.6689734 | F23: 174.3 | G23: =((F23-F22)/F22)*100 -> 0.51903114 | H23: 176.3 | I23: =((H23-H22)/H22)*100 -> 0.74285714 | J23: 195 | K23: =((J23-J22)/J22)*100 -> 0.20554985 | L23: 178.5 | M23: =((L23-L22)/L22)*100 -> 0.67681895 | N23: 169 | O23: =((N23-N22)/N22)*100 -> 0.71513707 | P23: 178.8 | Q23: =((P23-P22)/P22)*100 -> -0.4454343 | R23: 168.5 | S23: =((R23-R22)/R22)*100 -> 0.65710872 | T23: 176.8 | U23: =((T23-T22)/T22)*100 -> 0.39750142 | V23: 161.9 | W23: =((V23-V22)/V22)*100 -> 0.18564356 | X23: 166.9 | Y23: =((X23-X22)/X22)*100 -> 0.36079375 | Z23: 172.3 | AA23: =((Z23-Z22)/Z22)*100 -> 0.52508751 | AB23: 171.2 | AC23: =((AB23-AB22)/AB22)*100 -> 0.88391279 | AD23: 169.1 | AE23: =((AD23-AD22)/AD22)*100 -> 0.41567696 | AH23: July | AI23: 162.5 | BF23: 44774 | BG23: 97.4 | BH23: =((BG23-BG22)/BG22)*100 -> -7.6689734 | BI23: 176.3 | BJ23: 195 | BK23: 178.5 | BL23: 169 | BM23: 178.8 | BN23: 168.5 | BO23: 176.8 | BP23: 161.9 | BQ23: 166.9 | BR23: 172.3 | BS23: 171.2 | BT23: 169.1
C24: 44805 | D24: 90.71 | E24: -6.8685832 | F24: 175.3 | G24: =((F24-F23)/F23)*100 -> 0.57372347 | H24: 177.8 | I24: =((H24-H23)/H23)*100 -> 0.85082246 | J24: 195.9 | K24: =((J24-J23)/J23)*100 -> 0.46153846 | L24: 179.9 | M24: =((L24-L23)/L23)*100 -> 0.78431373 | N24: 169.5 | O24: =((N24-N23)/N23)*100 -> 0.29585799 | P24: 179.5 | Q24: =((P24-P23)/P23)*100 -> 0.39149888 | R24: 169.5 | S24: =((R24-R23)/R23)*100 -> 0.59347181 | T24: 177.8 | U24: =((T24-T23)/T23)*100 -> 0.56561086 | V24: 162.3 | W24: =((V24-V23)/V23)*100 -> 0.24706609 | X24: 167.6 | Y24: =((X24-X23)/X23)*100 -> 0.41941282 | Z24: 173.1 | AA24: =((Z24-Z23)/Z23)*100 -> 0.46430644 | AB24: 170.9 | AC24: =((AB24-AB23)/AB23)*100 -> -0.17523364 | AD24: 169.7 | AE24: =((AD24-AD23)/AD23)*100 -> 0.35481963 | AH24: August | AI24: 163.2 | BF24: 44805 | BG24: 90.71 | BH24: =((BG24-BG23)/BG23)*100 -> -6.8685832 | BI24: 177.8 | BJ24: 195.9 | BK24: 179.9 | BL24: 169.5 | BM24: 179.5 | BN24: 169.5 | BO24: 177.8 | BP24: 162.3 | BQ24: 167.6 | BR24: 173.1 | BS24: 170.9 | BT24: 169.7
C25: 44835 | D25: 91.7 | E25: 1.0913901 | F25: 176.7 | G25: =((F25-F24)/F24)*100 -> 0.79863092 | H25: 179.6 | I25: =((H25-H24)/H24)*100 -> 1.0123735 | J25: 196.3 | K25: =((J25-J24)/J24)*100 -> 0.20418581 | L25: 181 | M25: =((L25-L24)/L24)*100 -> 0.61145081 | N25: 171.2 | O25: =((N25-N24)/N24)*100 -> 1.0029499 | P25: 180.5 | Q25: =((P25-P24)/P24)*100 -> 0.55710306 | R25: 170.4 | S25: =((R25-R24)/R24)*100 -> 0.53097345 | T25: 178.7 | U25: =((T25-T24)/T24)*100 -> 0.50618673 | V25: 162.9 | W25: =((V25-V24)/V24)*100 -> 0.36968577 | X25: 168.2 | Y25: =((X25-X24)/X24)*100 -> 0.35799523 | Z25: 173.4 | AA25: =((Z25-Z24)/Z24)*100 -> 0.17331023 | AB25: 172.1 | AC25: =((AB25-AB24)/AB24)*100 -> 0.70216501 | AD25: 170.5 | AE25: =((AD25-AD24)/AD24)*100 -> 0.47142015 | AH25: September | AI25: 163.2 | BF25: 44835 | BG25: 91.7 | BH25: =((BG25-BG24)/BG24)*100 -> 1.0913901 | BI25: 179.6 | BJ25: 196.3 | BK25: 181 | BL25: 171.2 | BM25: 180.5 | BN25: 170.4 | BO25: 178.7 | BP25: 162.9 | BQ25: 168.2 | BR25: 173.4 | BS25: 172.1 | BT25: 170.5
C26: 44866 | D26: 87.55 | E26: -4.525627 | F26: 176.5 | G26: =((F26-F25)/F25)*100 -> -0.11318619 | H26: 178.3 | I26: =((H26-H25)/H25)*100 -> -0.72383073 | J26: 196.9 | K26: =((J26-J25)/J25)*100 -> 0.30565461 | L26: 182.1 | M26: =((L26-L25)/L25)*100 -> 0.60773481 | N26: 171.8 | O26: =((N26-N25)/N25)*100 -> 0.35046729 | P26: 181.3 | Q26: =((P26-P25)/P25)*100 -> 0.4432133 | R26: 171.4 | S26: =((R26-R25)/R25)*100 -> 0.58685446 | T26: 179.8 | U26: =((T26-T25)/T25)*100 -> 0.6155568 | V26: 163 | W26: =((V26-V25)/V25)*100 -> 0.061387354 | X26: 168.5 | Y26: =((X26-X25)/X25)*100 -> 0.1783591 | Z26: 173.7 | AA26: =((Z26-Z25)/Z25)*100 -> 0.17301038 | AB26: 173.6 | AC26: =((AB26-AB25)/AB25)*100 -> 0.87158629 | AD26: 171.1 | AE26: =((AD26-AD25)/AD25)*100 -> 0.35190616 | AH26: October | AI26: 165.5 | BF26: 44866 | BG26: 87.55 | BH26: =((BG26-BG25)/BG25)*100 -> -4.525627 | BI26: 178.3 | BJ26: 196.9 | BK26: 182.1 | BL26: 171.8 | BM26: 181.3 | BN26: 171.4 | BO26: 179.8 | BP26: 163 | BQ26: 168.5 | BR26: 173.7 | BS26: 173.6 | BT26: 171.1
C27: 44896 | D27: 78.1 | E27: -10.793832 | F27: 175.7 | G27: =((F27-F26)/F26)*100 -> -0.45325779 | H27: 175.9 | I27: =((H27-H26)/H26)*100 -> -1.346046 | J27: 197.3 | K27: =((J27-J26)/J26)*100 -> 0.20314881 | L27: 183 | M27: =((L27-L26)/L26)*100 -> 0.49423394 | N27: 170.7 | O27: =((N27-N26)/N26)*100 -> -0.64027939 | P27: 182 | Q27: =((P27-P26)/P26)*100 -> 0.38610039 | R27: 172.1 | S27: =((R27-R26)/R26)*100 -> 0.4084014 | T27: 181.1 | U27: =((T27-T26)/T26)*100 -> 0.72302558 | V27: 163.4 | W27: =((V27-V26)/V26)*100 -> 0.24539877 | X27: 168.9 | Y27: =((X27-X26)/X26)*100 -> 0.23738872 | Z27: 174.1 | AA27: =((Z27-Z26)/Z26)*100 -> 0.2302821 | AB27: 175.8 | AC27: =((AB27-AB26)/AB26)*100 -> 1.2672811 | AD27: 172 | AE27: =((AD27-AD26)/AD26)*100 -> 0.52600818 | AH27: November | AI27: 166.7 | BF27: 44896 | BG27: 78.1 | BH27: =((BG27-BG26)/BG26)*100 -> -10.793832 | BI27: 175.9 | BJ27: 197.3 | BK27: 183 | BL27: 170.7 | BM27: 182 | BN27: 172.1 | BO27: 181.1 | BP27: 163.4 | BQ27: 168.9 | BR27: 174.1 | BS27: 175.8 | BT27: 172
C28: 44927 | D28: 80.92 | E28: 3.6107554 | F28: 176.5 | G28: =((F28-F27)/F27)*100 -> 0.45532157 | H28: 176.7 | I28: =((H28-H27)/H27)*100 -> 0.45480387 | J28: 198.2 | K28: =((J28-J27)/J27)*100 -> 0.45615813 | L28: 183.8 | M28: =((L28-L27)/L27)*100 -> 0.43715847 | N28: 172.1 | O28: =((N28-N27)/N27)*100 -> 0.82015231 | P28: 182 | Q28: =((P28-P27)/P27)*100 -> 0 | R28: 172.9 | S28: =((R28-R27)/R27)*100 -> 0.46484602 | T28: 182.3 | U28: =((T28-T27)/T27)*100 -> 0.66261734 | V28: 163.6 | W28: =((V28-V27)/V27)*100 -> 0.12239902 | X28: 169.5 | Y28: =((X28-X27)/X27)*100 -> 0.35523979 | Z28: 174.3 | AA28: =((Z28-Z27)/Z27)*100 -> 0.11487651 | AB28: 178.6 | AC28: =((AB28-AB27)/AB27)*100 -> 1.592719 | AD28: 172.8 | AE28: =((AD28-AD27)/AD27)*100 -> 0.46511628 | AH28: December | AI28: 166.2 | BF28: 44927 | BG28: 80.92 | BH28: =((BG28-BG27)/BG27)*100 -> 3.6107554 | BI28: 176.7 | BJ28: 198.2 | BK28: 183.8 | BL28: 172.1 | BM28: 182 | BN28: 172.9 | BO28: 182.3 | BP28: 163.6 | BQ28: 169.5 | BR28: 174.3 | BS28: 178.6 | BT28: 172.8
C29: 44958 | D29: 82.28 | E29: 1.6806723 | F29: 177.2 | G29: =((F29-F28)/F28)*100 -> 0.39660057 | H29: 177 | I29: =((H29-H28)/H28)*100 -> 0.16977929 | J29: 199.5 | K29: =((J29-J28)/J28)*100 -> 0.65590313 | L29: 185.1 | M29: =((L29-L28)/L28)*100 -> 0.70729053 | N29: 173.5 | O29: =((N29-N28)/N28)*100 -> 0.81348053 | P29: 182.1 | Q29: =((P29-P28)/P28)*100 -> 0.054945055 | R29: 174.2 | S29: =((R29-R28)/R28)*100 -> 0.7518797 | T29: 184.4 | U29: =((T29-T28)/T28)*100 -> 1.1519473 | V29: 164.2 | W29: =((V29-V28)/V28)*100 -> 0.36674817 | X29: 170.3 | Y29: =((X29-X28)/X28)*100 -> 0.4719764 | Z29: 175 | AA29: =((Z29-Z28)/Z28)*100 -> 0.40160643 | AB29: 181 | AC29: =((AB29-AB28)/AB28)*100 -> 1.343785 | AD29: 174.1 | AE29: =((AD29-AD28)/AD28)*100 -> 0.75231481 | AG29: 2021 Total | AI29: 161.45833 | BF29: 44958 | BG29: 82.28 | BH29: =((BG29-BG28)/BG28)*100 -> 1.6806723 | BI29: 177 | BJ29: 199.5 | BK29: 185.1 | BL29: 173.5 | BM29: 182.1 | BN29: 174.2 | BO29: 184.4 | BP29: 164.2 | BQ29: 170.3 | BR29: 175 | BS29: 181 | BT29: 174.1
C30: 44986 | D30: 78.54 | E30: -4.5454545 | F30: 177.2 | G30: =((F30-F29)/F29)*100 -> 0 | H30: 177 | I30: =((H30-H29)/H29)*100 -> 0 | J30: 199.5 | K30: =((J30-J29)/J29)*100 -> 0 | L30: 185.1 | M30: =((L30-L29)/L29)*100 -> 0 | N30: 173.5 | O30: =((N30-N29)/N29)*100 -> 0 | P30: 181.9 | Q30: =((P30-P29)/P29)*100 -> -0.10982976 | R30: 174.2 | S30: =((R30-R29)/R29)*100 -> 0 | T30: 184.4 | U30: =((T30-T29)/T29)*100 -> 0 | V30: 164.2 | W30: =((V30-V29)/V29)*100 -> 0 | X30: 170.3 | Y30: =((X30-X29)/X29)*100 -> 0 | Z30: 175 | AA30: =((Z30-Z29)/Z29)*100 -> 0 | AB30: 181 | AC30: =((AB30-AB29)/AB29)*100 -> 0 | AD30: 174.1 | AE30: =((AD30-AD29)/AD29)*100 -> 0 | AG30: 2022 | AH30: January | AI30: 165.7 | BF30: 44986 | BG30: 78.54 | BH30: =((BG30-BG29)/BG29)*100 -> -4.5454545 | BI30: 177 | BJ30: 199.5 | BK30: 185.1 | BL30: 173.5 | BM30: 181.9 | BN30: 174.2 | BO30: 184.4 | BP30: 164.2 | BQ30: 170.3 | BR30: 175 | BS30: 181 | BT30: 174.1
C31: 45017 | D31: 83.76 | E31: 6.6462949 | F31: 178.1 | G31: =((F31-F30)/F30)*100 -> 0.50790068 | H31: 177.9 | I31: =((H31-H30)/H30)*100 -> 0.50847458 | J31: 200.6 | K31: =((J31-J30)/J30)*100 -> 0.55137845 | L31: 185.7 | M31: =((L31-L30)/L30)*100 -> 0.32414911 | N31: 175.2 | O31: =((N31-N30)/N30)*100 -> 0.97982709 | P31: 181.7 | Q31: =((P31-P30)/P30)*100 -> -0.10995052 | R31: 174.6 | S31: =((R31-R30)/R30)*100 -> 0.22962113 | T31: 185 | U31: =((T31-T30)/T30)*100 -> 0.32537961 | V31: 164.5 | W31: =((V31-V30)/V30)*100 -> 0.18270402 | X31: 170.7 | Y31: =((X31-X30)/X30)*100 -> 0.23487962 | Z31: 176.4 | AA31: =((Z31-Z30)/Z30)*100 -> 0.8 | AB31: 184 | AC31: =((AB31-AB30)/AB30)*100 -> 1.6574586 | AD31: 175 | AE31: =((AD31-AD30)/AD30)*100 -> 0.51694428 | AH31: February | AI31: 166.1 | BF31: 45017 | BG31: 83.76 | BH31: =((BG31-BG30)/BG30)*100 -> 6.6462949 | BI31: 177.9 | BJ31: 200.6 | BK31: 185.7 | BL31: 175.2 | BM31: 181.7 | BN31: 174.6 | BO31: 185 | BP31: 164.5 | BQ31: 170.7 | BR31: 176.4 | BS31: 184 | BT31: 175
C32: 45047 | D32: 74.98 | E32: -10.48233 | F32: 179.1 | G32: =((F32-F31)/F31)*100 -> 0.56148231 | H32: 179.1 | I32: =((H32-H31)/H31)*100 -> 0.67453626 | J32: 201 | K32: =((J32-J31)/J31)*100 -> 0.19940179 | L32: 186.2 | M32: =((L32-L31)/L31)*100 -> 0.26925148 | N32: 175.6 | O32: =((N32-N31)/N31)*100 -> 0.2283105 | P32: 182.8 | Q32: =((P32-P31)/P31)*100 -> 0.60539351 | R32: 175.2 | S32: =((R32-R31)/R31)*100 -> 0.34364261 | T32: 185.7 | U32: =((T32-T31)/T31)*100 -> 0.37837838 | V32: 164.8 | W32: =((V32-V31)/V31)*100 -> 0.18237082 | X32: 171.2 | Y32: =((X32-X31)/X31)*100 -> 0.29291154 | Z32: 177.1 | AA32: =((Z32-Z31)/Z31)*100 -> 0.3968254 | AB32: 185.2 | AC32: =((AB32-AB31)/AB31)*100 -> 0.65217391 | AD32: 175.7 | AE32: =((AD32-AD31)/AD31)*100 -> 0.4 | AH32: March | AI32: 167.7 | BF32: 45047 | BG32: 74.98 | BH32: =((BG32-BG31)/BG31)*100 -> -10.48233 | BI32: 179.1 | BJ32: 201 | BK32: 186.2 | BL32: 175.6 | BM32: 182.8 | BN32: 175.2 | BO32: 185.7 | BP32: 164.8 | BQ32: 171.2 | BR32: 177.1 | BS32: 185.2 | BT32: 175.7
AH33: April | AI33: 170.1 | BF33: 45078 | BG33: 74.93 | BH33: =((BG33-BG32)/BG32)*100 -> -0.066684449
H34: COMPARING CORRELATIONS FOR IMPORTED OIL WITH OTHER CATEGORIES | AH34: May | AI34: 171.7 | BF34: 45108 | BG34: 80.37 | BH34: =((BG34-BG33)/BG33)*100 -> 7.2601094
AH35: June | AI35: 172.6 | BF35: 45139 | BG35: 86.43 | BH35: =((BG35-BG34)/BG34)*100 -> 7.5401269
AH36: July | AI36: 173.4 | BF36: 45170 | BG36: 93.54 | BH36: =((BG36-BG35)/BG35)*100 -> 8.2263103
E37: CORREL | H37: food and beverages | I37: pan tobacco | J37: clothing and footwear | K37: housing | L37: FUEL&LIGHT | M37: HOSEHOLD GOODS | N37: HEALTH | O37: TRANSPORT AND COMMUNICATION | P37: RECREATION AND AMUSEMENT | Q37: EDUCATION | R37: health care | S37: miscellaneous | AH37: August | AI37: 174.3 | BF37: 45200 | BG37: 90.08 | BH37: =((BG37-BG36)/BG36)*100 -> -3.6989523
E38: imported oil price | H38: =CORREL(E4:E32,I4:I32) -> -0.01180694 | I38: =CORREL(E4:E32,K4:K32) -> 0.18023981 | J38: =CORREL(E4:E32,M4:M32) -> 0.10355601 | K38: =CORREL(E4:E32,O4:O32) -> 0.067652048 | L38: =CORREL(E4:E32,Q4:Q32) -> 0.16050341 | M38: =CORREL(E4:E32,S4:S32) -> -0.026634937 | N38: =CORREL(E4:E32,U4:U32) -> 0.08946918 | O38: =CORREL(E4:E32,W4:W32) -> 0.11791883 | P38: =CORREL(E4:E32,Y4:Y32) -> 0.14949338 | Q38: =CORREL(E4:E32,AA4:AA32) -> -0.1645789 | R38: =CORREL(E4:E32,AC4:AC32) -> -0.010674756 | S38: =CORREL(E4:E32,AE4:AE32) -> 0.086688155 | AH38: September | AI38: 175.3 | BF38: 45231 | BG38: 83.46 | BH38: =((BG38-BG37)/BG37)*100 -> -7.3490231
AH39: October | AI39: 176.7 | BF39: 45261 | BG39: 77.42 | BH39: =((BG39-BG38)/BG38)*100 -> -7.2369998
